id,first_name,last_name,email,gender,ip_address
1,Briano,Cowlam,bcowlam0@wikispaces.com,Male,139.239.74.51
2,Maiga,Broun,mbroun1@umich.edu,Female,205.126.39.174
3,Delainey,Lundy,dlundy2@reference.com,Male,94.209.206.137
4,Theadora,Boys,tboys3@pagesperso-orange.fr,Female,241.70.13.91
5,Hope,Ingleby,hingleby4@ibm.com,Bigender,56.23.242.149
6,Abbot,Fardon,afardon5@msn.com,Male,123.107.64.191
7,Stafani,Karolovsky,skarolovsky6@who.int,Female,32.229.0.184
8,Michal,Gommey,mgommey7@tmall.com,Male,20.216.49.64
9,Issiah,Chadwen,ichadwen8@google.com,Male,242.202.194.196
10,Lily,Ible,lible9@geocities.com,Female,178.167.35.2
11,Briggs,Jiggens,bjiggensa@com.com,Male,243.157.231.232
12,Austine,Sheather,asheatherb@slate.com,Female,113.128.66.121
13,Tabby,Mardling,tmardlingc@dion.ne.jp,Male,62.23.52.122
14,Kristoforo,Riccardini,kriccardinid@jalbum.net,Male,100.238.159.177
15,Mervin,Babar,mbabare@free.fr,Male,170.157.254.16
16,Clint,Bleue,cbleuef@livejournal.com,Genderfluid,225.133.228.248
17,Nikolas,O'Hoey,nohoeyg@dyndns.org,Male,58.24.127.227
18,Osbourn,Eallis,oeallish@cornell.edu,Male,10.117.229.167
19,Kimball,Jackling,kjacklingi@answers.com,Male,147.217.72.185
20,Zolly,Barck,zbarckj@unesco.org,Male,120.25.98.105
21,Chevalier,Hargitt,chargittk@amazon.co.uk,Male,61.204.44.146
22,Hobard,Jobb,hjobbl@sohu.com,Agender,193.2.209.44
23,Shandy,Keedwell,skeedwellm@typepad.com,Female,234.155.103.36
24,Fancie,Van de Castele,fvandecastelen@usda.gov,Female,177.33.99.67
25,Ellery,Dell 'Orto,edellortoo@indiatimes.com,Male,232.4.174.224
26,Dory,Dobrowlski,ddobrowlskip@google.pl,Male,234.103.69.8
27,Iolanthe,Grubb,igrubbq@hao123.com,Female,165.201.87.136
28,Lorry,Stampe,lstamper@ameblo.jp,Male,114.63.132.141
29,Van,Earles,vearless@washingtonpost.com,Male,79.211.64.191
30,Nikolia,Tiffney,ntiffneyt@google.fr,Genderqueer,234.41.203.234
31,Jose,Sagerson,jsagersonu@wired.com,Male,164.157.131.119
32,Sydelle,Greetham,sgreethamv@mysql.com,Female,212.195.36.52
33,Germain,Kondratowicz,gkondratowiczw@bloomberg.com,Male,42.200.63.158
34,Tab,Aubert,taubertx@tinyurl.com,Male,127.57.116.26
35,Brice,Lamort,blamorty@topsy.com,Male,174.89.211.230
36,Darwin,Gourlie,dgourliez@fastcompany.com,Male,211.232.181.107
37,Carlie,Macauley,cmacauley10@facebook.com,Male,213.246.131.158
38,Aguie,Pattesall,apattesall11@ifeng.com,Male,245.17.43.40
39,Eustace,Chmiel,echmiel12@squarespace.com,Male,163.60.245.151
40,Egon,Duxbury,eduxbury13@skyrock.com,Male,81.137.39.208
41,Channa,Klagges,cklagges14@reverbnation.com,Female,220.156.170.207
42,Rory,Sarjeant,rsarjeant15@nba.com,Male,145.242.60.180
43,Samantha,Jocelyn,sjocelyn16@answers.com,Female,158.121.205.32
44,Anthea,Quilter,aquilter17@parallels.com,Female,45.71.131.42
45,Sophie,Lancetter,slancetter18@51.la,Female,42.176.246.37
46,Nolie,Berzin,nberzin19@stanford.edu,Female,193.153.245.243
47,De,Lowrie,dlowrie1a@sun.com,Female,2.43.1.208
48,Kimbra,Dixon,kdixon1b@prweb.com,Female,150.4.166.162
49,Stormie,Creegan,screegan1c@adobe.com,Female,175.108.87.115
50,Arman,Beston,abeston1d@deliciousdays.com,Male,6.118.184.165
51,Carlyn,Imms,cimms1e@time.com,Female,218.90.123.77
52,Rick,Gammell,rgammell1f@icio.us,Male,215.218.221.91
53,Nathanael,Dimitriou,ndimitriou1g@yandex.ru,Male,236.147.50.219
54,Marcos,Bentall,mbentall1h@time.com,Male,249.100.21.63
55,Latia,Mandal,lmandal1i@admin.ch,Female,122.56.35.7
56,Jerri,Burgoine,jburgoine1j@comcast.net,Male,45.156.167.13
57,Shurwood,Ryves,sryves1k@phpbb.com,Male,144.198.24.2
58,Coriss,Dangl,cdangl1l@people.com.cn,Female,210.125.187.90
59,Lenci,Benedito,lbenedito1m@spotify.com,Male,36.234.114.87
60,Tova,Fairbrother,tfairbrother1n@aboutads.info,Female,76.188.136.23
61,Amby,Crosio,acrosio1o@ebay.co.uk,Male,85.167.57.188
62,Dimitri,Bony,dbony1p@comsenz.com,Male,39.101.94.190
63,Harriot,Barrass,hbarrass1q@people.com.cn,Polygender,114.81.29.166
64,Dunn,Ogglebie,dogglebie1r@cmu.edu,Male,226.168.185.7
65,Ricoriki,Byrkmyr,rbyrkmyr1s@msn.com,Male,180.31.47.91
66,Diane-marie,Blunsom,dblunsom1t@reference.com,Female,180.249.21.161
67,Cecilio,McMurdo,cmcmurdo1u@comcast.net,Male,0.75.180.245
68,Debee,Misselbrook,dmisselbrook1v@engadget.com,Female,66.189.5.222
69,Hamlen,Ritchman,hritchman1w@timesonline.co.uk,Male,54.66.106.217
70,Boot,Armin,barmin1x@pagesperso-orange.fr,Male,217.76.72.13
71,Lesli,Colleck,lcolleck1y@ted.com,Female,104.142.160.140
72,Florette,Edmans,fedmans1z@tinyurl.com,Female,172.116.223.142
73,Ame,Turfrey,aturfrey20@topsy.com,Female,153.144.62.245
74,Ralf,Daville,rdaville21@nature.com,Male,189.17.167.73
75,Tessy,Kupper,tkupper22@umn.edu,Female,106.192.5.126
76,Pepita,Peyes,ppeyes23@friendfeed.com,Female,141.235.113.233
77,Mariele,Ewbanke,mewbanke24@taobao.com,Female,149.208.102.174
78,Davon,Adams,dadams25@biblegateway.com,Male,223.245.67.22
79,Felicio,Mosedill,fmosedill26@twitter.com,Male,94.80.119.244
80,Verna,Harnwell,vharnwell27@simplemachines.org,Bigender,45.82.110.124
81,Allistir,Roscoe,aroscoe28@wix.com,Male,47.30.24.72
82,Meg,Smouten,msmouten29@360.cn,Female,209.41.190.126
83,Terrance,Terbeck,tterbeck2a@tripadvisor.com,Male,203.86.9.170
84,Christos,Cunah,ccunah2b@qq.com,Male,216.153.65.4
85,Kelley,Osbiston,kosbiston2c@technorati.com,Male,202.60.104.67
86,Esma,Coverlyn,ecoverlyn2d@uol.com.br,Female,243.245.8.102
87,Kellyann,Tubb,ktubb2e@wired.com,Female,112.83.99.237
88,Roxi,Sanney,rsanney2f@storify.com,Female,84.175.189.154
89,Patrizio,Rosiello,prosiello2g@nifty.com,Male,232.119.8.157
90,Kessiah,Perchard,kperchard2h@economist.com,Female,35.122.240.1
91,Benedick,Physick,bphysick2i@loc.gov,Bigender,41.17.8.104
92,Jacques,Ricardo,jricardo2j@taobao.com,Male,17.11.121.168
93,Merell,Bore,mbore2k@jimdo.com,Polygender,35.147.240.147
94,Jamil,Tirrell,jtirrell2l@cnbc.com,Male,28.73.99.225
95,Bret,Burge,bburge2m@constantcontact.com,Male,98.236.193.246
96,Wright,Bibb,wbibb2n@tripod.com,Agender,219.157.0.44
97,Halie,MacAnulty,hmacanulty2o@github.io,Polygender,222.156.169.154
98,Davy,Faulds,dfaulds2p@360.cn,Male,16.31.76.105
99,Giorgio,Diano,gdiano2q@nba.com,Genderfluid,80.170.133.103
100,Zaccaria,Brumpton,zbrumpton2r@sina.com.cn,Male,191.84.105.25
