ID,First_Name,Last_Name,Sex,Age,Date_Of_Birth,Phone_Number,Email,Pub_key,Magic
1,Pamella,Fantone,Female,60,9/19/1947,554-249-2561,pfantone0@xing.com,key1,
2,Bebe,Godridge,Agender,19,12/10/1908,543-986-2124,bgodridge1@foxnews.com,key3,
3,Kincaid,Wilmot,Male,84,10/1/1963,356-392-5725,kwilmot2@mapy.cz,key3,
4,Titus,Kropach,Male,64,4/11/1928,330-853-7586,tkropach3@joomla.org,key2,
5,Sidney,Beckham,Agender,61,11/23/1972,256-390-7993,sbeckham4@joomla.org,key3,
6,Leonora,Bamling,Female,51,3/12/1948,746-218-0395,lbamling5@addthis.com,key2,
7,Marlo,Ellis,Female,20,9/18/1920,329-349-1121,mellis6@unesco.org,key1,
8,Jimmie,Batteson,Male,24,7/24/1933,485-169-5326,jbatteson7@photobucket.com,key3,
9,Nicoli,Carlisle,Female,38,1/22/1931,118-499-8530,ncarlisle8@behance.net,key3,
10,Karena,Sime,Female,24,6/16/1941,681-443-7226,ksime9@engadget.com,key1,
11,Melissa,Dewerson,Female,41,1/20/1935,752-190-7820,mdewersona@unicef.org,key3,
12,Walsh,Uppett,Male,22,5/27/1983,413-623-3477,wuppettb@constantcontact.com,key1,
13,Zak,Dominik,Male,28,10/9/1931,150-277-2339,zdominikc@furl.net,key2,
14,Raleigh,Millbank,Male,37,4/4/1920,649-904-0537,rmillbankd@ning.com,key3,
15,Christina,Lundy,Female,75,4/8/1980,723-264-7394,clundye@springer.com,key2,
16,Tove,Twycross,Female,28,1/23/1956,978-475-5451,ttwycrossf@cam.ac.uk,key3,
17,Ray,Guitton,Male,66,5/23/1912,938-688-3640,rguittong@mail.ru,key2,
18,Morrie,Mannock,Male,78,7/25/1958,652-138-0354,mmannockh@bbc.co.uk,key3,
19,Ted,Cowlin,Agender,55,5/14/1941,110-365-0869,tcowlini@biglobe.ne.jp,key1,
20,Virginie,Grove,Agender,68,12/3/1957,701-537-7870,vgrovej@ovh.net,key3,
21,Norton,Geraud,Male,19,9/9/1930,174-999-2273,ngeraudk@uol.com.br,key1,
22,Tabbi,Millis,Female,30,11/19/1906,251-531-4584,tmillisl@sogou.com,key2,
23,Barnett,Spurdon,Male,64,8/15/1966,277-960-3003,bspurdonm@craigslist.org,key2,
24,Oriana,Hutson,Female,32,12/8/1937,976-642-3806,ohutsonn@aboutads.info,key1,
25,Reuben,Pither,Male,51,3/28/1900,911-611-0842,rpithero@nsw.gov.au,key2,
26,Roselia,Bouller,Genderqueer,44,9/6/1951,844-236-4579,rboullerp@ted.com,key1,
27,Leola,Hughes,Female,66,5/30/1919,356-632-7290,lhughesq@bbb.org,key3,
28,Zack,Gally,Male,24,3/27/1986,205-615-2114,zgallyr@paypal.com,key3,
29,Lexi,Karlmann,Female,23,4/18/1991,266-679-3005,lkarlmanns@123-reg.co.uk,key3,
30,Myrtia,Grimmett,Non-binary,73,11/13/1925,269-997-4648,mgrimmettt@accuweather.com,key2,
31,Benedetta,Durrance,Female,28,5/21/1952,970-803-1012,bdurranceu@geocities.jp,key2,
32,Allissa,Kemston,Female,28,11/26/1934,604-966-2641,akemstonv@gmpg.org,key3,
33,Bonny,Gwilt,Female,52,5/20/1975,369-446-1854,bgwiltw@cafepress.com,key2,
34,Kimmie,Laflin,Female,29,2/23/1936,478-659-8811,klaflinx@hhs.gov,key2,
35,Shandra,Jurek,Female,65,4/17/1996,992-818-3040,sjureky@blinklist.com,key3,
36,Sanderson,Curmi,Male,46,9/24/1915,498-141-6991,scurmiz@shinystat.com,key2,
37,Parsifal,Corrison,Male,81,8/1/1927,776-761-7400,pcorrison10@cbc.ca,key2,
38,Matthiew,Wherry,Male,19,10/6/1973,410-632-0589,mwherry11@pagesperso-orange.fr,key2,
39,Jerry,Facey,Female,60,5/7/1916,351-180-9829,jfacey12@ameblo.jp,key2,
40,Noella,Guild,Female,28,12/11/1960,431-196-6189,nguild13@instagram.com,key1,
41,Nobe,Tebbet,Male,27,6/1/1968,411-993-0467,ntebbet14@cyberchimps.com,key3,
42,Jess,Rudram,Bigender,50,1/9/1995,216-188-9474,jrudram15@tripadvisor.com,key1,
43,Berne,Mitchinson,Male,82,9/17/1978,583-148-3972,bmitchinson16@live.com,key3,
44,Stacia,Finicj,Female,69,12/19/1965,995-335-6358,sfinicj17@webs.com,key2,
45,Kendricks,Wagnerin,Male,30,6/23/1966,452-568-9503,kwagnerin18@shareasale.com,key1,
46,Justina,Celiz,Genderfluid,74,11/5/1999,282-293-8896,jceliz19@dropbox.com,key2,
47,Catherin,Borrowman,Female,25,11/30/2003,705-117-9854,cborrowman1a@issuu.com,key1,
48,Herminia,Bibby,Female,58,5/16/1929,841-130-3911,hbibby1b@cocolog-nifty.com,key3,
49,Cassandre,Baress,Female,18,1/18/1996,663-940-1946,cbaress1c@shutterfly.com,key1,
50,Sharia,Seymer,Female,28,3/24/1925,700-559-0768,sseymer1d@loc.gov,key1,
51,Tate,Warry,Male,30,3/12/1938,601-238-0618,twarry1e@4shared.com,key2,
52,Dane,Jancso,Male,40,4/21/1966,652-775-9612,djancso1f@dailymail.co.uk,key2,
53,Erasmus,Siemianowicz,Male,31,3/20/1968,789-725-1305,esiemianowicz1g@sfgate.com,key2,
54,Lonnard,Roper,Male,52,10/3/1904,801-919-2890,lroper1h@chronoengine.com,key2,
55,Merna,Vasic,Female,43,3/9/1983,361-215-1749,mvasic1i@mlb.com,key2,
56,Cass,Hallt,Non-binary,30,1/15/1976,546-533-0155,challt1j@time.com,key2,
57,Madelyn,Ygo,Female,29,5/30/1936,387-459-3844,mygo1k@intel.com,key2,
58,Herta,Viner,Female,48,9/15/1965,926-780-5245,hviner1l@blogspot.com,key3,
59,Brock,Spoure,Male,77,10/31/1957,413-581-6447,bspoure1m@dion.ne.jp,key1,
60,Angelica,Corbet,Female,26,8/9/1938,556-356-2733,acorbet1n@slideshare.net,key3,
61,Orazio,Sammes,Male,65,7/7/1915,335-694-0476,osammes1o@flickr.com,key3,
62,Orran,Busby,Male,50,5/14/1985,928-486-0534,obusby1p@comsenz.com,key2,
63,Effie,Quade,Female,68,9/4/1981,108-276-5530,equade1q@diigo.com,key1,
64,Freeland,Bailles,Male,52,5/5/1974,402-560-5327,fbailles1r@paypal.com,key2,
65,Kaia,Matley,Female,30,1/27/1915,726-540-2111,kmatley1s@utexas.edu,key3,
66,Lemar,Barnfather,Male,19,2/23/1921,546-495-6738,lbarnfather1t@jugem.jp,key1,
67,George,Withringten,Female,46,11/29/1971,345-608-0369,gwithringten1u@mediafire.com,key2,
68,Raf,Whittock,Female,71,2/25/1907,220-611-4762,rwhittock1v@house.gov,key3,
69,Stephanus,Brandin,Male,75,1/13/1966,554-562-4564,sbrandin1w@skype.com,key3,
70,Richie,Kennan,Male,22,4/20/1990,430-814-8435,rkennan1x@stanford.edu,key1,
71,Merrielle,Cockayne,Female,38,12/9/2001,205-504-2179,mcockayne1y@opera.com,key3,
72,Conrade,Aldine,Male,40,6/13/1908,856-594-6749,caldine1z@amazon.co.uk,key3,
73,Lanny,Dies,Female,67,10/29/1990,840-893-3005,ldies20@cmu.edu,key3,
74,Jozef,Jobling,Male,55,5/18/1957,165-456-5494,jjobling21@webs.com,key1,
75,Marion,Scrooby,Female,67,5/7/1986,982-301-1739,mscrooby22@bravesites.com,key3,
76,Bartlet,Warters,Male,83,6/19/1982,387-232-4236,bwarters23@sbwire.com,key3,
77,Trumann,De Courtney,Male,65,8/7/1961,739-825-1085,tdecourtney24@gmpg.org,key1,
78,Irvine,MacCrossan,Male,75,1/3/1922,824-885-7703,imaccrossan25@cafepress.com,key2,
79,Clarabelle,Boxill,Female,30,2/18/1956,322-441-2893,cboxill26@ucoz.ru,key2,
80,Pieter,Whotton,Male,64,7/12/1954,911-696-3476,pwhotton27@dailymotion.com,key1,
81,Simone,Traill,Male,28,6/26/1985,110-837-9611,straill28@tripod.com,key1,
82,Jeramey,Grute,Male,39,8/3/1991,441-194-6212,jgrute29@reverbnation.com,key1,
83,Odelle,Griffoen,Female,23,9/24/1910,348-746-4630,ogriffoen2a@naver.com,key3,
84,Eda,Andreu,Female,46,6/16/1955,586-138-7760,eandreu2b@examiner.com,key3,
85,Crista,Galliver,Female,54,2/20/1903,282-528-7378,cgalliver2c@domainmarket.com,key2,
86,Stanislas,Hosburn,Male,35,6/7/1917,104-621-9000,shosburn2d@bigcartel.com,key3,
87,Alexandro,Cayton,Male,69,10/11/1905,879-721-5726,acayton2e@google.co.jp,key3,
88,Celinda,Geering,Female,78,4/7/1915,750-549-3685,cgeering2f@marketwatch.com,key1,
89,Leola,Earlam,Female,24,2/23/1935,406-107-9498,learlam2g@taobao.com,key2,
90,Georgianna,Mc Coughan,Female,53,2/23/1900,441-292-0812,gmccoughan2h@hibu.com,key1,
91,Anni,Yoodall,Genderfluid,64,3/21/1944,310-296-4068,ayoodall2i@qq.com,key3,
92,Stephana,Janeczek,Female,24,5/19/1920,359-657-5872,sjaneczek2j@bizjournals.com,key2,
93,Abie,Jacob,Male,62,2/7/1928,815-424-6398,ajacob2k@google.ca,key3,
94,Aurea,Lopez,Female,33,10/24/1952,344-552-5867,alopez2l@aol.com,key1,
95,Jarrad,Kienlein,Male,80,12/13/1943,301-442-2988,jkienlein2m@desdev.cn,key2,
96,Gregor,Fireman,Male,38,7/2/1999,191-312-5419,gfireman2n@prnewswire.com,key2,
97,Irwin,Divisek,Male,59,6/22/1931,874-945-6900,idivisek2o@bizjournals.com,key2,
98,Myrle,Wholesworth,Female,82,9/4/1988,910-939-7374,mwholesworth2p@indiatimes.com,key2,
99,Culley,Kembley,Male,63,1/4/1983,734-320-4320,ckembley2q@aol.com,key3,
100,Torre,Burney,Male,25,10/26/1932,203-958-2103,tburney2r@phoca.cz,key3,
101,Alexine,Tuttiett,Female,64,1/20/1980,178-846-2738,atuttiett2s@fema.gov,key2,
102,Garek,McCullock,Male,38,4/15/1946,161-618-2759,gmccullock2t@youtu.be,key3,
103,Berti,Pervew,Male,48,10/2/1991,603-802-2812,bpervew2u@theguardian.com,key2,
104,Davey,Greatrex,Male,46,12/3/1950,993-206-3508,dgreatrex2v@blogspot.com,key3,
105,Pail,Cayette,Male,45,8/12/1958,602-576-0696,pcayette2w@123-reg.co.uk,key1,
106,Ev,McQuillen,Male,70,9/19/1929,596-754-5465,emcquillen2x@sciencedirect.com,key2,
107,Rudolfo,Schultz,Male,50,4/8/1906,917-816-7279,rschultz2y@psu.edu,key2,
108,Jeniffer,Bendik,Female,75,10/5/2000,304-991-4786,jbendik2z@geocities.com,key2,
109,Hobie,Shorto,Male,30,12/6/1937,780-658-2277,hshorto30@list-manage.com,key3,
110,Janelle,Kemshell,Female,39,3/27/1910,892-465-2451,jkemshell31@biblegateway.com,key3,
111,Brittan,Chupin,Polygender,70,10/5/1942,635-832-8823,bchupin32@youtube.com,key3,
112,Jordain,Faust,Female,53,11/25/1972,157-889-4480,jfaust33@vk.com,key1,
113,Lib,Camsey,Bigender,28,2/12/1989,505-629-8605,lcamsey34@comsenz.com,key3,
114,Rodrigo,Deverick,Male,58,7/6/1947,298-438-1964,rdeverick35@t.co,key3,
115,Jdavie,Taggert,Male,45,5/21/1908,323-894-0586,jtaggert36@slate.com,key2,
116,Giorgia,Minillo,Female,24,2/20/1991,281-478-8220,gminillo37@apache.org,key3,
117,Joye,Mossom,Non-binary,70,2/26/1951,608-897-8309,jmossom38@tiny.cc,key3,
118,Octavia,Lillegard,Female,19,3/18/1960,351-732-5656,olillegard39@vkontakte.ru,key1,
119,Ted,Jerrolt,Male,30,9/8/1993,486-158-4247,tjerrolt3a@archive.org,key1,
120,Mordy,Petche,Male,24,3/18/1923,732-210-6075,mpetche3b@phoca.cz,key2,
121,Becca,Jefferd,Female,78,10/28/1903,780-534-1068,bjefferd3c@comsenz.com,key3,
122,Derron,Sancto,Male,63,10/15/1984,313-737-7950,dsancto3d@slideshare.net,key1,
123,Chickie,Wedmore,Female,72,3/13/1965,785-559-4037,cwedmore3e@issuu.com,key2,
124,Evan,Croke,Male,78,12/5/1954,913-564-9838,ecroke3f@unesco.org,key2,
125,Kesley,Edmonson,Female,63,6/23/1910,814-435-4323,kedmonson3g@kickstarter.com,key2,
126,Petronia,Correa,Female,80,3/20/1935,616-298-9472,pcorrea3h@twitter.com,key1,
127,Monty,Dietzler,Male,26,8/12/1929,959-839-7796,mdietzler3i@marriott.com,key1,
128,Rodolfo,Chaffer,Male,46,12/19/1926,672-178-4589,rchaffer3j@alibaba.com,key1,
129,Ellery,Timperley,Male,33,3/30/1999,182-193-6632,etimperley3k@vistaprint.com,key3,
130,Bonnie,Brezlaw,Female,47,4/4/1933,697-635-7405,bbrezlaw3l@canalblog.com,key3,
131,Dorolisa,Farrance,Polygender,80,8/14/1977,313-455-6547,dfarrance3m@google.de,key1,
132,Dore,Bagott,Female,23,8/14/1994,903-193-4331,dbagott3n@bloglovin.com,key3,
133,Reggis,Sapp,Male,38,7/18/1979,688-738-7739,rsapp3o@nhs.uk,key3,
134,Cyndie,Minett,Female,71,2/20/1911,685-395-0913,cminett3p@macromedia.com,key2,
135,Deanna,Kryzhov,Female,65,9/16/1999,150-319-6539,dkryzhov3q@paginegialle.it,key3,
136,Tabbie,Collett,Non-binary,73,3/3/1961,348-213-2348,tcollett3r@ask.com,key2,
137,Cullin,Bretland,Male,85,2/25/1915,836-101-4557,cbretland3s@disqus.com,key1,
138,Orazio,Reimer,Male,25,3/11/2003,662-465-6539,oreimer3t@wikispaces.com,key3,
139,Isador,Dowall,Male,64,8/19/1996,470-512-3232,idowall3u@hexun.com,key3,
140,Waldemar,Baike,Male,78,3/5/1915,926-259-0390,wbaike3v@ucoz.com,key1,
141,Delano,Gerty,Male,84,3/29/1966,202-758-1814,dgerty3w@yolasite.com,key2,
142,Corbet,Mulqueen,Male,65,12/27/1987,695-185-1809,cmulqueen3x@so-net.ne.jp,key2,
143,Friedrich,Hender,Male,67,8/20/1964,891-612-2871,fhender3y@sun.com,key3,
144,Tymon,Gutowska,Male,73,8/8/2000,757-436-3166,tgutowska3z@intel.com,key3,
145,Nicky,Suthren,Male,60,6/5/1934,895-835-4492,nsuthren40@surveymonkey.com,key2,
146,Pietrek,Glandon,Male,74,7/20/1914,113-746-2386,pglandon41@plala.or.jp,key1,
147,Sinclare,Devany,Male,55,10/31/1934,860-170-9323,sdevany42@4shared.com,key2,
148,Karissa,McKerton,Female,21,3/2/1964,110-876-5741,kmckerton43@mac.com,key3,
149,Yasmeen,Bolwell,Female,62,9/22/1916,653-170-1821,ybolwell44@tuttocitta.it,key1,
150,Kaylee,Mutch,Polygender,66,10/28/1949,812-424-7283,kmutch45@de.vu,key2,
151,Viviyan,Vernalls,Female,57,3/24/1952,647-262-6870,vvernalls46@google.es,key3,
152,Marc,Leisman,Male,69,10/14/1959,933-222-2395,mleisman47@businesswire.com,key2,
153,Anders,Whall,Male,85,11/11/1975,657-456-5341,awhall48@cnn.com,key1,
154,Haydon,Gaytor,Male,85,6/17/1903,184-628-8694,hgaytor49@google.fr,key1,
155,Jefferey,Stempe,Male,32,1/20/1976,959-205-3761,jstempe4a@blinklist.com,key1,
156,Anica,Battram,Female,74,11/6/1963,300-430-6529,abattram4b@cnn.com,key2,
157,Damita,Shutte,Genderqueer,18,9/26/1970,242-266-2695,dshutte4c@usgs.gov,key2,
158,Nichole,Stooke,Male,57,1/8/1925,480-402-3802,nstooke4d@soundcloud.com,key2,
159,Pennie,Rideout,Female,43,2/17/1912,929-584-4872,prideout4e@walmart.com,key2,
160,Mirella,M'cowis,Female,58,2/13/1941,512-981-6035,mmcowis4f@hp.com,key2,
161,Pamelina,Sabathier,Female,25,6/23/1984,975-438-3764,psabathier4g@typepad.com,key1,
162,Paule,Covotto,Female,45,7/23/1978,599-151-5623,pcovotto4h@geocities.com,key2,
163,Robb,Spencook,Male,83,12/20/1919,940-294-3205,rspencook4i@shareasale.com,key1,
164,Claudette,Resun,Female,38,5/7/1990,432-796-4801,cresun4j@comcast.net,key2,
165,Aubrey,Pretsel,Male,20,5/2/1908,245-336-7586,apretsel4k@microsoft.com,key2,
166,Anitra,Crookshanks,Female,45,11/27/1914,751-330-1177,acrookshanks4l@answers.com,key3,
167,Ozzie,Wyne,Male,43,10/24/2002,118-174-6191,owyne4m@google.fr,key3,
168,Reube,Barette,Male,25,2/6/1912,710-593-6408,rbarette4n@latimes.com,key1,
169,Devin,Gonzalvo,Female,20,2/16/1998,385-524-5249,dgonzalvo4o@t-online.de,key3,
170,Gil,Campbell-Dunlop,Male,66,1/14/1991,395-810-6229,gcampbelldunlop4p@merriam-webster.com,key2,
171,Dawna,Turford,Non-binary,18,9/24/1993,774-931-7214,dturford4q@google.it,key3,
172,Olvan,Azema,Male,61,12/12/1978,605-286-2776,oazema4r@meetup.com,key3,
173,Orlando,Croney,Male,40,1/5/1944,578-753-3589,ocroney4s@hubpages.com,key3,
174,Crin,Warke,Female,31,8/12/1936,720-300-0547,cwarke4t@paginegialle.it,key2,
175,Billy,Barkhouse,Female,60,1/13/1918,589-813-7349,bbarkhouse4u@slideshare.net,key2,
176,Derward,Krinks,Male,58,6/7/1948,947-229-5983,dkrinks4v@google.de,key3,
177,Veriee,Koeppke,Female,25,11/13/1915,703-646-3207,vkoeppke4w@dot.gov,key1,
178,Ginnifer,Iacovaccio,Female,20,3/12/1973,952-342-7792,giacovaccio4x@weebly.com,key2,
179,Ashlee,Norwood,Female,63,3/6/2003,895-279-2076,anorwood4y@squidoo.com,key1,
180,Nana,Kelloch,Female,55,10/17/1993,317-986-1238,nkelloch4z@yahoo.com,key2,
181,Oralee,Wearne,Genderqueer,38,12/29/2001,129-758-5296,owearne50@theguardian.com,key3,
182,Darsey,Costa,Female,74,4/7/1922,325-381-6002,dcosta51@alibaba.com,key3,
183,Jaclin,Blackway,Female,51,10/24/1941,294-294-3445,jblackway52@admin.ch,key2,
184,Victoria,Brisard,Non-binary,30,6/20/1904,928-865-5278,vbrisard53@java.com,key1,
185,Rasia,Dmiterko,Female,65,12/27/1965,483-304-1145,rdmiterko54@dagondesign.com,key3,
186,Gussy,Ashlin,Female,55,10/1/1915,425-854-8365,gashlin55@domainmarket.com,key1,
187,Harli,DeSousa,Female,61,12/29/1962,554-580-4680,hdesousa56@home.pl,key1,
188,Joella,Minshaw,Female,63,11/13/1938,598-229-3985,jminshaw57@goo.ne.jp,key3,
189,Morey,Grissett,Male,31,10/11/1913,744-178-5613,mgrissett58@paginegialle.it,key2,
190,Waneta,Halloway,Female,39,5/21/1942,276-428-4731,whalloway59@bloglines.com,key1,
191,Morgun,Escalante,Male,57,10/24/1901,929-440-4135,mescalante5a@disqus.com,key2,
192,Katharyn,Deluce,Female,75,6/10/1993,737-774-5014,kdeluce5b@friendfeed.com,key2,
193,Lisha,Rentcome,Female,54,5/21/1993,674-450-6726,lrentcome5c@adobe.com,key1,
194,Doe,Tinton,Female,31,10/20/1934,797-691-5164,dtinton5d@acquirethisname.com,key3,
195,Augustine,Mussotti,Female,47,3/7/2001,930-109-0546,amussotti5e@ca.gov,key3,
196,Saundra,Nevill,Female,77,6/11/1920,164-802-6791,snevill5f@scientificamerican.com,key1,
197,Hermie,Joblin,Male,18,2/7/2000,631-752-6273,hjoblin5g@multiply.com,key3,
198,Eddy,Gowan,Female,26,12/2/1995,474-457-9389,egowan5h@myspace.com,key1,
199,Franklin,Breakspear,Male,32,6/22/1978,529-427-5725,fbreakspear5i@feedburner.com,key1,
200,Sawyere,Chew,Male,60,4/26/2001,934-911-9317,schew5j@spotify.com,key1,
