ID,SSN,First_Name,Last_Name,Insurance_ID,Date_Of_Birth,Sex,Phone_Number,Email,Key_ID
1,696-48-8930,Moria,Ogglebie,233,3/1/1992,Female,636-192-8239,mogglebie0@homestead.com,47
2,301-86-0739,Melita,Chappel,279,2/17/1992,Female,214-915-6378,mchappel1@nih.gov,211
3,447-85-2373,Casi,Jirus,35,3/23/1984,Female,865-382-1883,cjirus2@blogtalkradio.com,65
4,185-67-7312,Fremont,Edgcumbe,292,2/14/1951,Male,208-628-4296,fedgcumbe3@webeden.co.uk,268
5,831-76-6077,Esma,Tricker,266,12/25/1928,Female,224-956-5056,etricker4@umn.edu,196
6,742-76-8612,Sonja,Coope,261,3/14/1931,Female,701-967-8648,scoope5@slashdot.org,35
7,495-47-2360,Constantine,Bosche,220,2/8/1942,Female,441-532-1717,cbosche6@cafepress.com,252
8,516-47-2054,Nell,Vasic,291,6/10/1938,Female,242-537-7767,nvasic7@sogou.com,106
9,160-56-2957,Claudetta,Papa,17,4/17/1910,Female,430-875-6322,cpapa8@cnbc.com,82
10,553-99-7025,Rickard,Burnyeat,13,2/9/1945,Male,191-176-9723,rburnyeat9@vistaprint.com,33
11,756-38-1126,Mallory,McCarlich,132,6/4/1976,Female,697-129-9586,mmccarlicha@phoca.cz,36
12,598-75-9966,Elli,Lummis,65,1/16/1913,Female,874-100-1241,elummisb@irs.gov,257
13,333-55-6918,Dom,Bousfield,296,5/17/1904,Male,174-797-7515,dbousfieldc@xing.com,255
14,335-70-0215,Keelia,Ewins,223,7/8/1959,Female,578-390-7643,kewinsd@wikispaces.com,250
15,634-91-5943,Sutherland,Afield,124,11/30/1951,Male,932-900-9157,safielde@moonfruit.com,76
16,661-36-3088,Lionello,Thomke,225,9/4/1999,Male,617-438-8104,lthomkef@t-online.de,15
17,843-81-8989,Marleah,Fellgate,149,2/14/1941,Genderfluid,414-865-4120,mfellgateg@gnu.org,128
18,359-08-7286,Meg,Stallworth,23,8/11/1999,Female,443-651-0801,mstallworthh@clickbank.net,169
19,420-15-8542,Dunstan,Lonie,86,12/8/1934,Male,692-631-1082,dloniei@va.gov,288
20,634-15-8509,Forrest,Hukins,83,12/4/1968,Male,242-859-5584,fhukinsj@wikipedia.org,258
21,110-51-1729,Fayina,Cutridge,120,11/5/1981,Female,897-658-6101,fcutridgek@jiathis.com,59
22,711-55-8316,Robyn,Murrey,7,4/27/1964,Female,775-828-3202,rmurreyl@soundcloud.com,256
23,402-89-8268,See,Olman,189,6/7/1920,Male,687-520-3986,solmanm@europa.eu,156
24,287-10-4802,Sandy,Giffard,223,5/9/1953,Polygender,402-423-2994,sgiffardn@youtu.be,189
25,849-53-8510,Barbabas,Yaknov,22,7/31/1960,Male,828-553-6996,byaknovo@cocolog-nifty.com,125
26,171-08-8271,Petunia,Lackinton,55,3/23/1913,Female,639-569-4799,plackintonp@usda.gov,49
27,175-58-8368,Charla,Chelley,239,9/5/1998,Female,564-440-1673,cchelleyq@multiply.com,141
28,704-80-6310,Antonio,Partkya,206,4/13/1975,Male,545-161-9904,apartkyar@un.org,71
29,145-70-5381,Aldus,Lowater,49,12/18/1955,Male,488-827-8355,alowaters@google.it,283
30,400-85-6165,Jamil,Nobriga,269,10/18/1971,Male,349-716-6797,jnobrigat@naver.com,291
31,660-45-8314,Geordie,Toffanini,287,12/19/1971,Male,188-235-9288,gtoffaniniu@chicagotribune.com,278
32,454-48-1387,Murvyn,Brightie,11,8/21/1985,Male,992-601-4761,mbrightiev@163.com,93
33,828-03-3152,Latrena,Giacomuzzi,251,3/11/1975,Female,320-313-6650,lgiacomuzziw@drupal.org,178
34,159-56-2093,Bobinette,Larder,230,7/7/1900,Agender,826-387-1058,blarderx@ehow.com,18
35,793-67-2432,Efrem,Adamolli,45,3/9/1937,Male,222-918-7832,eadamolliy@techcrunch.com,53
36,774-61-8072,Romeo,Rapaport,136,9/24/1933,Male,951-948-7608,rrapaportz@nhs.uk,43
37,170-97-3908,Lyon,Vairow,254,6/30/2005,Male,572-320-3477,lvairow10@ning.com,36
38,458-48-2714,Editha,Harmour,20,6/10/1958,Female,745-241-4293,eharmour11@bravesites.com,67
39,744-32-0431,Constancia,Hows,300,8/2/1949,Female,980-269-4569,chows12@de.vu,14
40,893-74-5063,Felicia,Butler,5,5/4/2007,Female,363-309-0221,fbutler13@linkedin.com,145
41,141-71-1176,Stacee,McKomb,244,11/9/1937,Female,428-822-3148,smckomb14@mozilla.org,227
42,473-24-0271,Judie,Kyneton,106,6/27/1968,Female,904-869-9203,jkyneton15@globo.com,157
43,190-11-9253,Bonnie,Szymoni,296,6/1/1976,Female,715-913-0696,bszymoni16@yolasite.com,58
44,637-39-8346,Albertina,Bushrod,102,4/10/2021,Female,765-907-2121,abushrod17@ft.com,231
45,404-88-4673,Obediah,Kastel,131,4/15/1940,Male,448-790-0817,okastel18@newyorker.com,184
46,110-46-3889,Marta,Causier,59,11/18/2013,Female,889-575-8134,mcausier19@people.com.cn,62
47,393-68-9268,Pearla,Agar,96,1/11/1931,Female,167-472-4442,pagar1a@mtv.com,94
48,528-58-9538,Tabitha,Simion,167,4/9/1946,Female,817-433-1433,tsimion1b@goo.gl,158
49,661-76-8363,Rozella,Ambroise,145,11/19/1988,Agender,304-659-1579,rambroise1c@gizmodo.com,153
50,315-13-3124,Wallis,Benyon,179,8/6/1955,Male,348-765-3555,wbenyon1d@dot.gov,106
51,672-71-9239,Jessie,Flukes,79,8/16/1946,Male,433-442-5139,jflukes1e@dion.ne.jp,17
52,205-68-2482,Olga,Batham,107,10/12/2005,Female,435-494-5825,obatham1f@paypal.com,286
53,597-28-9218,Goldia,Lismer,170,8/30/1909,Female,706-153-3529,glismer1g@sohu.com,258
54,702-37-2420,Simone,Mardlin,43,10/4/1978,Male,438-890-8814,smardlin1h@hc360.com,156
55,128-16-1780,Sutton,Blooman,218,11/10/2000,Male,247-705-2169,sblooman1i@google.nl,83
56,621-60-9698,Lalo,Gibben,79,11/9/2001,Male,714-990-3183,lgibben1j@craigslist.org,107
57,679-05-9810,Fredra,Abramof,259,9/11/1969,Female,583-609-8110,fabramof1k@bloomberg.com,195
58,467-97-5005,Tris,Tidbold,31,7/30/2020,Male,934-431-6918,ttidbold1l@cpanel.net,270
59,507-63-4782,Bernardine,Cubbin,98,10/12/1973,Female,771-911-1992,bcubbin1m@netlog.com,230
60,741-44-1426,Lynde,Francillo,260,1/3/1980,Bigender,673-592-1405,lfrancillo1n@usda.gov,283
61,684-59-9362,Kale,Fudge,184,2/14/2021,Male,782-902-6498,kfudge1o@nasa.gov,202
62,890-26-9690,Carr,MacGiany,18,10/17/1987,Male,121-260-5729,cmacgiany1p@shutterfly.com,112
63,184-28-6649,Corny,Keers,81,10/26/2006,Female,490-219-0652,ckeers1q@studiopress.com,206
64,134-71-8688,Ceil,Readett,10,9/11/1905,Female,636-741-1797,creadett1r@cornell.edu,189
65,561-48-5417,Germain,Hallworth,45,11/4/1929,Male,303-186-2453,ghallworth1s@fema.gov,208
66,823-38-9113,Ester,Josef,221,4/8/2004,Female,935-864-2960,ejosef1t@webeden.co.uk,233
67,753-81-3392,Davin,Mathias,44,5/16/1958,Male,607-452-4260,dmathias1u@ebay.co.uk,186
68,516-45-6321,Dewey,Rounsefell,89,6/2/1905,Male,155-959-3421,drounsefell1v@vinaora.com,194
69,181-30-5973,Jewell,Parish,182,4/5/2015,Female,700-498-0935,jparish1w@jigsy.com,255
70,650-50-7430,Darbie,Overpool,53,9/11/1976,Female,853-338-2064,doverpool1x@boston.com,292
71,394-86-3443,Ernesto,Kretchmer,1,6/20/1962,Male,385-245-7148,ekretchmer1y@pagesperso-orange.fr,80
72,464-74-9073,Lela,Fipp,245,9/18/1900,Female,859-228-7755,lfipp1z@mac.com,137
73,673-38-0627,Valera,Butson,236,1/30/1951,Female,639-468-9563,vbutson20@disqus.com,127
74,317-81-5582,Arlee,Bourton,27,5/16/2013,Female,573-100-5547,abourton21@wp.com,300
75,557-02-0541,Linn,Girogetti,4,7/14/2020,Male,320-939-9488,lgirogetti22@earthlink.net,72
76,587-04-1025,Madel,Yeoman,285,5/11/1984,Female,422-952-8714,myeoman23@nba.com,170
77,843-92-9610,Davidde,Britto,237,10/22/1984,Male,410-826-0178,dbritto24@flavors.me,21
78,708-91-6135,Hy,Groarty,101,5/24/1900,Male,708-519-8332,hgroarty25@addthis.com,262
79,466-47-9067,Carlotta,Bisley,203,7/23/1922,Bigender,443-668-4345,cbisley26@sphinn.com,161
80,693-53-6725,Kakalina,Gilvary,191,2/23/1986,Female,789-849-1195,kgilvary27@webs.com,96
81,576-86-0629,Elbertine,Lowry,244,10/22/1953,Female,290-224-1828,elowry28@over-blog.com,29
82,528-68-6068,Sawyer,Sneesbie,271,4/19/1933,Male,356-189-6987,ssneesbie29@japanpost.jp,300
83,266-91-5091,Eli,McGinny,230,1/28/2005,Male,653-515-3905,emcginny2a@wisc.edu,52
84,863-62-0632,Ginger,Kellogg,218,12/8/1923,Male,310-604-8410,gkellogg2b@acquirethisname.com,45
85,112-81-0328,My,Myderscough,100,11/9/1982,Male,419-530-9505,mmyderscough2c@drupal.org,58
86,112-58-4574,Stepha,Bagge,271,8/12/2020,Female,909-157-2948,sbagge2d@github.com,90
87,873-17-8418,Gretna,Breddy,86,1/6/1975,Genderqueer,688-654-9691,gbreddy2e@tinyurl.com,188
88,574-76-3263,Mabel,Gregson,108,3/12/1909,Female,258-106-0221,mgregson2f@java.com,236
89,389-45-8390,Rutherford,O'Hoolahan,267,8/12/1966,Male,776-658-4813,rohoolahan2g@huffingtonpost.com,250
90,337-77-8820,Raynor,Treske,38,2/27/1919,Male,373-545-8861,rtreske2h@youtube.com,232
91,325-18-5406,Uriah,Gaines,251,1/31/1969,Male,732-171-3111,ugaines2i@bloomberg.com,226
92,266-54-9405,Jaimie,Redington,195,12/1/1958,Male,682-485-9620,jredington2j@umich.edu,265
93,647-53-5095,Florance,Hirth,91,6/27/1950,Female,925-265-4946,fhirth2k@msn.com,77
94,800-60-8355,Ree,Wilcocke,38,3/1/1989,Female,892-121-7059,rwilcocke2l@jigsy.com,197
95,157-59-4586,Tommi,Hancill,124,1/12/1981,Female,623-920-9643,thancill2m@multiply.com,71
96,408-77-3235,Elke,Garrit,11,7/20/1939,Female,892-493-7964,egarrit2n@icq.com,2
97,675-01-4022,Hermina,Sturgis,207,8/8/1973,Agender,803-229-4505,hsturgis2o@weebly.com,132
98,494-15-7924,Dean,Danbye,66,7/2/2013,Male,448-609-4104,ddanbye2p@imageshack.us,143
99,739-85-2494,Cherri,Kinman,207,4/11/1924,Female,849-251-7290,ckinman2q@census.gov,17
100,648-97-3077,Mona,Bastick,26,5/24/1978,Female,901-548-5891,mbastick2r@seattletimes.com,76
101,551-49-8999,Fredra,Hulles,105,6/17/2018,Female,726-258-2723,fhulles2s@ft.com,251
102,607-31-7628,Deerdre,Rown,10,10/13/1995,Polygender,144-716-1146,drown2t@businessweek.com,70
103,330-46-6550,Marchelle,Friday,299,1/10/2019,Female,640-639-6285,mfriday2u@netlog.com,54
104,652-14-8797,Trev,Reggio,23,7/16/1994,Male,166-357-6819,treggio2v@amazon.co.jp,225
105,657-83-3691,Ozzy,Gilphillan,258,10/16/1965,Male,996-941-9442,ogilphillan2w@toplist.cz,70
106,229-39-5293,Lowell,Bortolomei,37,6/20/1936,Male,868-403-5116,lbortolomei2x@nifty.com,119
107,367-31-8417,Derby,Albro,164,8/11/1973,Male,646-243-7832,dalbro2y@ifeng.com,199
108,797-95-7668,Ahmed,Sealy,80,8/24/1978,Male,761-566-4872,asealy2z@japanpost.jp,20
109,605-34-6742,Elias,Dowry,32,7/21/1920,Non-binary,737-833-9993,edowry30@hp.com,175
110,323-62-4595,Jordan,Howitt,94,7/13/1918,Male,851-637-3765,jhowitt31@xing.com,264
111,829-90-3909,Lothaire,Grew,109,4/4/1976,Male,857-615-5078,lgrew32@theglobeandmail.com,239
112,322-18-4094,Rem,Spearing,105,2/4/2013,Polygender,882-107-3368,rspearing33@google.pl,148
113,645-06-2645,Ivonne,Hanbury-Brown,269,3/6/2009,Female,719-809-7375,ihanburybrown34@cbc.ca,194
114,262-88-4219,Harv,Preddy,293,5/1/1960,Male,190-947-3113,hpreddy35@jigsy.com,162
115,747-31-5286,Sarajane,Grafhom,199,9/29/1935,Female,527-156-9117,sgrafhom36@zdnet.com,293
116,146-36-8169,Randy,Vondrys,151,8/19/1994,Female,933-801-5037,rvondrys37@wiley.com,221
117,351-27-6803,Cassie,Odell,93,8/20/1991,Female,254-362-5430,codell38@bravesites.com,213
118,687-81-9685,Larine,Ocheltree,118,2/7/2016,Female,937-559-3577,locheltree39@nasa.gov,1
119,852-41-8089,Agnola,Heasman,111,9/21/1956,Genderfluid,292-167-0105,aheasman3a@xing.com,152
120,729-15-0281,Ross,Crebbin,116,1/4/2001,Male,304-144-6779,rcrebbin3b@digg.com,94
121,406-64-3619,Dania,Skirlin,119,6/15/2002,Female,595-121-8777,dskirlin3c@who.int,74
122,780-20-0365,Brunhilda,Dockrell,270,6/26/1943,Female,805-780-9820,bdockrell3d@topsy.com,189
123,889-21-5895,Wenda,Marqyes,298,6/7/1981,Female,399-711-7418,wmarqyes3e@blinklist.com,23
124,868-42-6076,Matthieu,Martynka,241,1/13/1997,Male,761-940-4521,mmartynka3f@clickbank.net,61
125,160-07-5232,Hugo,Bartolomeu,67,6/7/1997,Male,253-981-9735,hbartolomeu3g@ezinearticles.com,122
126,671-84-7312,Iago,Benley,206,7/3/2013,Male,774-165-8858,ibenley3h@cam.ac.uk,4
127,126-08-7384,Lydia,Detoile,41,11/12/1920,Genderfluid,146-723-8101,ldetoile3i@state.gov,57
128,472-06-8784,Lindon,Biggerdike,176,6/24/2003,Male,589-754-8154,lbiggerdike3j@oracle.com,155
129,163-73-7610,Eudora,Gresser,244,6/16/2009,Female,277-566-2457,egresser3k@goodreads.com,12
130,119-64-9576,Ulberto,Titterrell,6,11/21/1930,Male,392-308-4566,utitterrell3l@bluehost.com,124
131,252-04-5487,Renelle,Tindall,98,4/27/1927,Female,659-571-1722,rtindall3m@moonfruit.com,61
132,466-40-2488,Dorolice,Baggaley,191,10/21/1965,Bigender,223-979-5832,dbaggaley3n@washington.edu,93
133,218-51-4315,Didi,Iannuzzelli,144,5/27/2016,Female,140-749-7337,diannuzzelli3o@shutterfly.com,167
134,641-77-9708,Gaby,Garrard,103,2/23/1908,Female,294-770-9132,ggarrard3p@hp.com,60
135,755-30-8340,Barbie,Woodrooffe,176,6/13/1950,Female,217-912-1042,bwoodrooffe3q@reuters.com,64
136,432-66-6767,Ase,Stelfox,23,12/13/1995,Male,171-771-4385,astelfox3r@jugem.jp,18
137,563-93-2333,Garwood,Storrar,189,5/22/2012,Male,691-330-2843,gstorrar3s@mashable.com,281
138,321-94-1492,Nollie,Zanardii,165,8/17/1930,Male,307-220-9381,nzanardii3t@last.fm,74
139,397-24-2596,Joye,Seakin,247,9/21/1977,Female,552-580-2344,jseakin3u@phpbb.com,13
140,795-59-0519,Lucy,Moy,237,3/26/2012,Female,328-738-2934,lmoy3v@amazon.com,242
141,887-95-4399,Worthy,Hubbis,147,6/17/2000,Male,396-186-7987,whubbis3w@ocn.ne.jp,225
142,623-52-1289,Hildegaard,Kinnane,43,5/17/1903,Genderqueer,847-446-7455,hkinnane3x@geocities.com,228
143,838-89-8557,Ashley,Bason,171,12/25/1917,Male,761-363-6904,abason3y@ca.gov,126
144,274-05-0699,Marge,Manwell,270,12/16/1990,Female,602-653-7785,mmanwell3z@forbes.com,87
145,516-43-5089,Shell,Nilles,179,12/22/2006,Female,139-472-6675,snilles40@cyberchimps.com,38
146,601-81-6805,Dana,Dodimead,141,3/1/1968,Male,215-992-3661,ddodimead41@nyu.edu,91
147,100-15-7701,Jarret,Mecozzi,260,3/26/1993,Male,625-917-4324,jmecozzi42@usa.gov,107
148,339-79-1832,Jeffrey,Luker,149,6/16/1935,Male,405-671-0599,jluker43@smh.com.au,196
149,561-62-4790,Emeline,Ledgeway,180,4/21/1944,Female,721-129-2116,eledgeway44@europa.eu,262
150,542-07-5926,Andie,Laux,119,4/24/1935,Female,113-156-0482,alaux45@wired.com,253
151,534-85-0749,Kerr,Pargiter,97,6/27/1943,Male,754-702-1642,kpargiter46@tamu.edu,90
152,549-30-1109,Mallory,Kingscott,113,11/26/1936,Male,221-415-6301,mkingscott47@telegraph.co.uk,207
153,423-74-0905,Selma,Braunter,141,4/6/1932,Non-binary,834-877-7751,sbraunter48@cornell.edu,149
154,449-13-9337,Jeddy,Sutherington,157,11/3/1909,Male,777-508-9238,jsutherington49@spiegel.de,197
155,859-02-4029,Bo,Brisse,144,5/6/1956,Male,636-109-5411,bbrisse4a@list-manage.com,54
156,520-93-7457,Anica,Handyside,6,2/21/2010,Female,733-249-0615,ahandyside4b@seesaa.net,176
157,421-90-8022,Bonni,Hadwin,284,4/27/1931,Female,656-276-8595,bhadwin4c@google.de,183
158,532-66-2451,Harwell,Eard,138,5/17/1985,Male,951-952-7978,heard4d@surveymonkey.com,152
159,510-89-0368,Myrna,Coase,185,3/11/1955,Genderqueer,692-181-6885,mcoase4e@arizona.edu,64
160,613-21-4657,Upton,Saer,296,1/14/1970,Male,616-265-5969,usaer4f@nba.com,87
161,470-63-9248,Tanner,Kennet,100,4/29/2001,Male,261-779-8459,tkennet4g@rediff.com,55
162,261-60-2891,Irwinn,Flatley,282,8/23/1924,Male,379-419-0468,iflatley4h@xrea.com,22
163,447-85-4474,Morgun,Innot,298,3/6/1992,Genderfluid,133-943-5366,minnot4i@webeden.co.uk,104
164,240-97-0396,Dwayne,Northin,4,9/15/1932,Male,750-114-2107,dnorthin4j@wisc.edu,14
165,578-53-4926,Crichton,Billingsley,165,7/10/1949,Male,796-561-0570,cbillingsley4k@state.gov,273
166,727-75-5579,Corbin,Kubiczek,93,11/18/2017,Male,735-754-1270,ckubiczek4l@google.es,175
167,471-31-8170,Hallie,Di Biaggi,212,10/18/1900,Female,521-714-7285,hdibiaggi4m@pinterest.com,40
168,707-14-2062,Claus,Daffey,211,9/21/1937,Male,819-277-8691,cdaffey4n@bloglovin.com,94
169,310-15-4127,Chev,Morritt,282,8/2/2014,Male,658-538-8347,cmorritt4o@quantcast.com,56
170,438-46-1708,Jordan,Holbury,3,1/23/1910,Male,244-653-4669,jholbury4p@hatena.ne.jp,261
171,434-15-9524,Levi,Ghiroldi,93,12/13/1947,Male,641-798-7561,lghiroldi4q@exblog.jp,124
172,211-55-9444,Jerrome,Runchman,45,12/1/1998,Male,906-102-5928,jrunchman4r@github.com,280
173,881-59-8468,Danette,Brougham,53,7/12/1967,Female,343-970-8213,dbrougham4s@unc.edu,120
174,164-65-2754,Rosa,Begley,232,1/26/1941,Female,668-252-5619,rbegley4t@bravesites.com,147
175,750-70-9042,Hy,Cheng,54,6/30/1987,Male,681-736-9202,hcheng4u@aboutads.info,43
176,653-17-2399,Gusta,Mapstone,184,5/22/1946,Female,251-966-1239,gmapstone4v@facebook.com,126
177,520-72-7043,Sunny,Howie,155,2/25/2001,Female,964-335-9027,showie4w@prlog.org,266
178,874-66-1145,Loreen,Carlisle,180,6/27/1952,Female,478-108-9684,lcarlisle4x@flickr.com,65
179,325-27-7888,Tamas,Collomosse,17,10/2/1900,Male,594-563-5144,tcollomosse4y@time.com,100
180,603-47-8352,Branden,Gerler,221,3/5/1967,Male,638-890-1008,bgerler4z@yelp.com,33
181,852-10-7580,Susannah,Corsar,201,6/25/2018,Female,274-288-3100,scorsar50@unicef.org,94
182,573-21-3256,Brandy,Newby,82,3/19/2014,Male,913-647-4720,bnewby51@ezinearticles.com,169
183,449-05-0332,Doralyn,Philippson,288,5/10/1977,Female,166-886-8034,dphilippson52@reuters.com,252
184,500-89-3356,Vikky,Featherbie,117,4/10/1960,Female,302-548-5120,vfeatherbie53@mediafire.com,104
185,768-52-7802,Gerrard,Coldbreath,229,8/1/2020,Male,744-539-9020,gcoldbreath54@freewebs.com,132
186,346-53-7524,Thalia,Daugherty,15,6/15/1981,Female,159-675-9396,tdaugherty55@webeden.co.uk,22
187,531-94-4831,Lionello,Ballam,277,1/13/1969,Male,923-906-8583,lballam56@webnode.com,50
188,678-99-0213,Joelle,Jowitt,112,8/24/1939,Female,418-554-0985,jjowitt57@hhs.gov,158
189,236-60-3961,Quintus,Seyffert,181,11/2/1985,Male,724-201-8752,qseyffert58@wix.com,288
190,548-27-1531,Grenville,Hardwicke,108,3/31/1947,Male,788-534-8673,ghardwicke59@cam.ac.uk,42
191,242-72-5343,Bale,Thunnercliff,250,5/30/1913,Male,166-441-1144,bthunnercliff5a@surveymonkey.com,74
192,199-32-9552,Jasmin,Gerardet,76,12/23/1933,Female,201-424-4421,jgerardet5b@ehow.com,92
193,603-46-2228,Allie,Hawkings,178,1/31/1935,Non-binary,470-768-8518,ahawkings5c@ask.com,295
194,413-70-2325,Haywood,Ellcock,220,7/22/1938,Male,799-488-3368,hellcock5d@google.ru,89
195,805-16-8834,Dilly,Rattery,116,12/22/1929,Male,463-371-5579,drattery5e@example.com,61
196,616-35-8472,Tandi,Wards,132,8/3/2014,Female,468-875-3159,twards5f@shareasale.com,68
197,508-54-1700,Marlie,Longson,214,3/29/1919,Agender,971-150-9308,mlongson5g@photobucket.com,42
198,815-46-7654,Marty,Witcherley,83,4/6/1994,Male,702-465-9116,mwitcherley5h@adobe.com,94
199,404-22-6162,Osmund,Pummery,152,9/10/1993,Male,894-565-9716,opummery5i@acquirethisname.com,281
200,580-19-4596,Terri,Neasam,30,5/1/2014,Male,508-413-0675,tneasam5j@ovh.net,21
201,287-35-8372,Chilton,Eim,102,1/1/1927,Male,492-148-1556,ceim5k@ted.com,99
202,551-87-5486,Deck,McPhillips,211,6/25/1980,Male,975-855-2124,dmcphillips5l@plala.or.jp,124
203,607-89-1206,Percival,Profit,79,5/2/1912,Male,873-114-7110,pprofit5m@dropbox.com,66
204,466-12-3035,Jenifer,Flipsen,249,10/20/2009,Female,562-765-6367,jflipsen5n@simplemachines.org,161
205,774-91-3067,Dee,Grece,82,10/31/1956,Female,301-577-2528,dgrece5o@squarespace.com,42
206,408-77-9584,Babs,Lunam,155,4/5/1976,Female,379-254-2860,blunam5p@360.cn,167
207,465-64-0094,Terence,Gruby,194,4/18/1908,Male,722-784-0332,tgruby5q@macromedia.com,229
208,379-65-4175,Hyacinth,Hubbock,23,3/14/2018,Non-binary,765-513-2205,hhubbock5r@weather.com,238
209,437-85-0467,Hazlett,Lemin,26,8/15/1922,Male,425-688-8188,hlemin5s@instagram.com,131
210,433-19-6350,Giorgio,Bilofsky,125,4/2/1982,Male,516-141-6719,gbilofsky5t@bbc.co.uk,233
211,564-06-6326,Kerry,Berick,47,10/30/1965,Male,562-953-0414,kberick5u@parallels.com,150
212,860-95-4234,Edin,Gillani,48,8/21/1982,Female,304-199-8229,egillani5v@multiply.com,116
213,511-51-3308,Josh,Wycherley,286,6/17/1950,Male,213-472-1633,jwycherley5w@independent.co.uk,177
214,743-87-8034,Laughton,Bigmore,300,5/25/1925,Male,474-976-5358,lbigmore5x@liveinternet.ru,124
215,624-43-5565,Carlene,Covey,260,10/23/1915,Female,717-740-7175,ccovey5y@marriott.com,21
216,618-16-9347,Clarie,Spacey,195,12/6/1959,Female,432-106-7741,cspacey5z@studiopress.com,62
217,359-45-9109,Asa,Simo,195,11/28/1937,Male,202-783-6399,asimo60@fotki.com,48
218,464-44-1353,Stanley,Ivashechkin,202,11/30/1927,Male,248-914-1565,sivashechkin61@uol.com.br,23
219,454-71-6394,Philomena,Shasnan,106,5/28/1939,Female,894-236-0387,pshasnan62@ustream.tv,275
220,831-93-2864,Milo,Slack,175,3/31/1968,Male,662-484-4547,mslack63@technorati.com,24
221,829-68-1510,Nalani,Mc Cahey,221,8/7/1968,Female,120-933-1460,nmccahey64@foxnews.com,61
222,515-66-9360,Kari,Labba,190,11/20/1983,Female,760-536-1040,klabba65@cnn.com,125
223,309-78-0533,Kata,Ghest,180,3/22/1942,Female,480-109-3998,kghest66@twitpic.com,113
224,597-01-3548,Fannie,Kordt,274,2/1/2016,Female,353-366-1334,fkordt67@altervista.org,11
225,344-96-4535,Keane,Gumbrell,275,10/1/1976,Bigender,926-368-0194,kgumbrell68@washington.edu,27
226,775-65-6243,Raychel,Mandry,283,8/6/2003,Female,311-317-2119,rmandry69@altervista.org,36
227,286-81-3340,Raeann,Cristofol,215,6/8/2000,Female,609-745-7259,rcristofol6a@opera.com,116
228,452-48-7956,Taylor,Candey,108,6/5/2020,Male,918-899-8857,tcandey6b@miibeian.gov.cn,39
229,663-50-5070,Dehlia,Arnold,116,10/16/1957,Agender,929-676-6229,darnold6c@europa.eu,149
230,134-85-1835,Griff,Vagg,64,10/24/1912,Male,229-797-1201,gvagg6d@tinyurl.com,252
231,548-01-5949,Krystalle,Hamsley,281,3/1/1941,Female,691-908-2025,khamsley6e@theguardian.com,223
232,630-48-1776,Rusty,Sonner,13,5/21/1972,Male,602-602-2373,rsonner6f@wikipedia.org,271
233,108-96-5500,Stephan,Zimmermeister,104,7/12/1952,Male,151-460-0880,szimmermeister6g@tmall.com,261
234,405-93-9398,Carmen,Jeens,98,2/9/1983,Female,172-926-9629,cjeens6h@stanford.edu,45
235,784-16-2427,Duff,Lamcken,188,7/14/1949,Male,-647-3429,dlamcken6i@walmart.com,237
236,761-16-2078,Drucill,Bastistini,259,2/3/1998,Female,434-541-5571,dbastistini6j@furl.net,10
237,858-13-5306,Rafaelita,Sanchez,55,7/21/1961,Female,524-453-4298,rsanchez6k@examiner.com,36
238,362-91-2326,Corina,Koubek,108,6/9/1982,Female,755-170-5919,ckoubek6l@ameblo.jp,141
239,328-51-9172,Wylie,Hucknall,227,9/9/1993,Male,234-763-9755,whucknall6m@dailymotion.com,4
240,847-83-8169,Karolina,MacPadene,90,3/25/1953,Female,266-164-7812,kmacpadene6n@php.net,66
241,847-21-3721,Beatrix,Knibbs,269,8/30/1955,Female,433-137-2424,bknibbs6o@artisteer.com,294
242,668-56-6118,Karla,Clutterbuck,182,12/15/1984,Genderfluid,377-278-7036,kclutterbuck6p@gmpg.org,222
243,860-79-0268,Georgena,Whitman,82,10/14/2000,Female,476-340-8773,gwhitman6q@twitter.com,202
244,801-76-7930,Nil,McTear,5,3/31/1935,Male,315-243-5012,nmctear6r@sakura.ne.jp,193
245,152-84-6754,Duff,Orpen,75,11/24/1954,Male,876-709-6555,dorpen6s@is.gd,37
246,185-09-9820,Rick,Lodge,256,3/7/1951,Male,334-491-5238,rlodge6t@europa.eu,247
247,237-98-4108,Drusi,Purcell,203,7/11/1917,Female,528-181-8826,dpurcell6u@tumblr.com,109
248,386-70-3598,Emory,Nolder,212,2/17/1996,Male,725-532-8716,enolder6v@rediff.com,254
249,275-69-4941,Francklyn,Blaber,33,10/19/1917,Male,975-441-5348,fblaber6w@vkontakte.ru,1
250,888-75-4401,Erin,Mackleden,237,8/13/1927,Male,703-349-9458,emackleden6x@constantcontact.com,266
251,498-31-5747,Clarence,Clixby,139,12/7/1942,Male,848-216-5811,cclixby6y@goodreads.com,143
252,733-37-6620,Hilliard,Fredi,196,7/2/1957,Male,919-625-2174,hfredi6z@princeton.edu,26
253,818-32-8911,Corie,Bockh,77,1/14/2021,Female,243-919-0953,cbockh70@wikia.com,62
254,151-99-5147,Ray,Phippin,5,5/13/1936,Female,993-574-1126,rphippin71@reverbnation.com,225
255,180-03-5749,Babbie,Vacher,1,10/17/1911,Female,623-232-2739,bvacher72@ed.gov,23
256,506-07-8290,Rustie,Rookesby,173,8/6/2008,Male,648-300-2338,rrookesby73@bloomberg.com,192
257,769-87-1371,Lukas,Reeveley,108,8/26/1984,Male,829-967-2456,lreeveley74@opensource.org,269
258,231-16-7351,Delbert,Perroni,27,11/30/1939,Male,156-664-7197,dperroni75@biglobe.ne.jp,126
259,245-69-0666,Fran,Nolda,27,8/7/2000,Male,602-976-0344,fnolda76@vinaora.com,5
260,742-23-8697,Nickolas,Beckford,152,4/13/1929,Male,620-332-2671,nbeckford77@spiegel.de,295
261,671-40-1843,Elita,Dengate,230,1/12/1969,Female,286-347-5130,edengate78@mapquest.com,260
262,595-66-4723,Roda,Devey,222,12/15/1995,Female,648-971-3810,rdevey79@squidoo.com,280
263,490-94-4351,Edita,Eskriet,221,5/4/1948,Female,648-818-1630,eeskriet7a@independent.co.uk,1
264,323-74-8008,Prentiss,Clegg,251,1/6/1969,Male,176-266-2493,pclegg7b@yolasite.com,171
265,491-56-1824,Robb,Boner,230,2/11/2019,Male,615-313-8237,rboner7c@icio.us,239
266,604-98-3236,Waldemar,Loidl,215,7/6/1911,Male,817-847-0142,wloidl7d@walmart.com,205
267,747-13-0481,Denys,Danniel,125,7/7/1942,Female,212-618-9891,ddanniel7e@google.pl,204
268,275-97-7684,Reggy,Quigg,127,11/20/1943,Male,502-152-0056,rquigg7f@marketwatch.com,265
269,241-65-0669,Elbert,Joyner,286,5/29/1994,Male,914-377-5844,ejoyner7g@umich.edu,65
270,212-71-0919,Glennis,Normavell,218,1/2/1981,Female,216-362-2526,gnormavell7h@netscape.com,63
271,126-82-3958,Blancha,Sterte,298,9/2/2001,Female,154-587-5327,bsterte7i@huffingtonpost.com,176
272,797-42-7473,Gerick,Bayley,140,11/20/2020,Male,913-289-0903,gbayley7j@ebay.com,277
273,538-08-8481,Amalee,Syddall,181,1/10/1963,Female,942-342-2395,asyddall7k@edublogs.org,103
274,291-41-4373,Gwendolen,Nisby,244,9/14/1919,Bigender,667-820-9937,gnisby7l@networkadvertising.org,145
275,171-20-0435,Michel,Thorndycraft,232,8/31/1913,Female,910-881-1810,mthorndycraft7m@zdnet.com,195
276,269-29-7655,Aharon,Chandlar,189,8/30/1960,Male,578-929-8127,achandlar7n@toplist.cz,103
277,228-44-1082,Jozef,Walewski,285,12/19/1913,Male,910-134-3012,jwalewski7o@npr.org,232
278,690-88-4211,Lodovico,Ullock,199,7/7/1940,Male,187-560-1833,lullock7p@chron.com,174
279,829-17-7890,Leonardo,Goodlet,159,9/8/1941,Male,303-937-2720,lgoodlet7q@yahoo.com,107
280,478-90-2753,Adrianna,Stebles,257,12/10/1955,Female,754-651-6689,astebles7r@imgur.com,48
281,518-30-8278,Tedi,Godfrey,21,11/17/1942,Female,737-768-6339,tgodfrey7s@wikimedia.org,262
282,851-95-6262,Hedvig,Handmore,102,10/20/2013,Female,388-836-8626,hhandmore7t@dropbox.com,146
283,315-70-7430,Marci,Rubinshtein,254,11/25/1923,Female,251-274-6976,mrubinshtein7u@apache.org,177
284,455-99-6819,Bryana,Paddington,129,5/21/2011,Female,734-262-1545,bpaddington7v@businessinsider.com,167
285,828-54-0844,Brandy,Cavy,297,4/7/1957,Male,744-698-9992,bcavy7w@godaddy.com,202
286,319-59-2720,Ellerey,Cisco,106,11/20/1984,Male,342-711-0410,ecisco7x@umn.edu,37
287,486-18-4580,Irena,Merrington,53,3/30/1904,Polygender,520-290-1176,imerrington7y@cam.ac.uk,202
288,424-78-7358,Almeta,Quimby,249,10/20/1949,Female,146-557-9301,aquimby7z@naver.com,231
289,409-07-9136,Sol,Gilleon,111,10/14/1959,Male,577-992-0031,sgilleon80@fda.gov,273
290,569-86-6468,Stormy,Yandell,124,10/10/1945,Female,650-477-8354,syandell81@jugem.jp,224
291,477-51-9006,Royce,Barby,60,12/14/2011,Genderqueer,425-948-7661,rbarby82@hc360.com,227
292,869-88-6104,Mag,Vitall,262,12/28/1985,Female,341-555-3430,mvitall83@adobe.com,89
293,433-97-5125,Doe,Frankham,214,1/9/1985,Female,660-890-7146,dfrankham84@drupal.org,58
294,810-22-6040,Minnnie,Alcide,147,5/4/1929,Female,339-277-6279,malcide85@theguardian.com,55
295,502-12-6586,Tina,Scarsbrook,200,2/28/2002,Female,341-118-4367,tscarsbrook86@dailymail.co.uk,122
296,151-31-8199,Norton,McSorley,270,7/25/1916,Male,181-285-3776,nmcsorley87@aboutads.info,233
297,116-80-7633,Dal,Derrick,166,4/5/1918,Male,626-600-4902,dderrick88@youtu.be,44
298,188-04-1574,Neala,Hise,68,11/7/1994,Female,602-568-3157,nhise89@usgs.gov,217
299,486-52-7220,Berti,Guyonnet,36,3/3/1977,Male,217-169-1232,bguyonnet8a@alexa.com,50
300,457-18-8912,Madeline,Kreuzer,289,7/24/1959,Female,540-105-6791,mkreuzer8b@cisco.com,192
301,576-92-6332,Gabriella,Blazey,69,6/15/1928,Female,724-176-5899,gblazey8c@instagram.com,241
302,858-48-9418,Tammie,Checchi,294,4/1/1969,Female,210-756-4076,tchecchi8d@google.co.jp,169
303,327-73-6344,Ronalda,Moodie,30,6/23/2021,Female,614-320-2558,rmoodie8e@creativecommons.org,274
304,607-83-7589,Leilah,Blew,220,4/5/1967,Non-binary,947-389-0227,lblew8f@google.ru,192
305,251-35-4623,Axe,Storcke,158,12/10/1931,Male,406-367-6447,astorcke8g@un.org,210
306,515-09-5468,Chrissie,Bortoluzzi,94,4/8/1957,Male,456-591-8173,cbortoluzzi8h@marketwatch.com,216
307,728-79-4023,Corabella,Danilov,23,12/28/1920,Female,690-981-6386,cdanilov8i@reddit.com,215
308,881-66-6198,Brocky,Hartzogs,110,2/5/1929,Genderfluid,594-228-4060,bhartzogs8j@indiatimes.com,39
309,331-71-1533,Dave,Norkett,271,7/26/1998,Male,648-348-8082,dnorkett8k@elegantthemes.com,256
310,249-81-3702,Anthia,Cowdry,23,4/19/1993,Genderfluid,607-167-8845,acowdry8l@1688.com,120
311,232-60-9302,Micah,Cryer,3,1/13/1928,Male,584-699-2227,mcryer8m@wisc.edu,225
312,838-37-8470,Penny,Sidwick,259,12/27/1953,Female,471-361-6428,psidwick8n@businesswire.com,258
313,883-03-5241,Romonda,Drohun,189,3/20/1916,Female,828-514-0949,rdrohun8o@google.cn,214
314,342-39-3468,Dionne,Worg,271,7/19/1951,Female,192-232-8508,dworg8p@php.net,96
315,134-65-5969,Odo,Birtley,88,5/12/1973,Bigender,963-400-3267,obirtley8q@independent.co.uk,57
316,383-26-1713,Bryant,Cutforth,13,11/20/1914,Male,912-908-7149,bcutforth8r@arizona.edu,232
317,759-26-2785,Murray,Vinsen,123,7/9/1985,Male,306-352-3385,mvinsen8s@t-online.de,77
318,244-90-2525,Kori,Cowoppe,294,10/16/1955,Female,277-596-4205,kcowoppe8t@google.it,163
319,464-32-5437,Cully,Whitear,215,10/19/1930,Bigender,511-521-8413,cwhitear8u@dot.gov,287
320,629-33-1735,Boycey,Seine,207,9/8/2005,Male,657-704-5736,bseine8v@woothemes.com,3
321,885-17-7550,Joy,Vincent,258,8/5/1903,Female,506-942-0875,jvincent8w@cbc.ca,45
322,104-87-7521,Brodie,Caulcott,35,1/30/1976,Male,630-910-5432,bcaulcott8x@indiegogo.com,80
323,733-93-7912,Arlan,Bragger,284,4/27/2005,Male,270-322-6701,abragger8y@unesco.org,193
324,899-97-2438,Debby,Gress,10,4/8/1990,Female,225-217-8108,dgress8z@constantcontact.com,249
325,686-59-8083,Susie,Blincow,158,9/8/1955,Non-binary,222-491-4527,sblincow90@vinaora.com,49
326,284-50-7781,Matti,Baudinelli,141,11/14/1900,Female,459-725-2982,mbaudinelli91@fc2.com,204
327,694-36-1095,Terza,Romaint,281,3/3/1927,Female,775-448-2220,tromaint92@exblog.jp,263
328,291-03-2120,Darnall,Giraudot,62,7/31/1945,Male,390-806-6498,dgiraudot93@berkeley.edu,189
329,185-19-2409,Christean,Emanueli,139,12/9/2003,Female,385-470-2369,cemanueli94@quantcast.com,100
330,710-01-6954,Sigismundo,Arney,68,9/28/1971,Male,405-574-0671,sarney95@businessweek.com,58
331,876-72-4775,Romy,Emslie,132,7/6/1925,Female,269-624-0462,remslie96@example.com,166
332,121-78-6132,Jennifer,Gethyn,263,2/12/1953,Female,209-427-4264,jgethyn97@seattletimes.com,66
333,843-01-0620,Tish,Speake,66,8/4/1941,Female,568-638-5081,tspeake98@umn.edu,91
334,347-16-5947,Tessy,Lyddiard,225,7/17/2010,Female,299-525-5614,tlyddiard99@wordpress.org,190
335,250-88-5560,Ebony,Ciciotti,18,8/19/1929,Female,326-411-5821,eciciotti9a@domainmarket.com,177
336,115-48-2871,Alie,Leinthall,56,12/15/2005,Female,853-998-6293,aleinthall9b@toplist.cz,146
337,615-81-9135,Perry,Kohrsen,281,6/2/2014,Female,427-703-8752,pkohrsen9c@howstuffworks.com,56
338,487-95-3002,Clay,Koche,144,3/11/1990,Male,665-174-8509,ckoche9d@about.me,297
339,299-73-7199,Fran,Girvin,273,9/12/2011,Male,520-216-9641,fgirvin9e@usatoday.com,5
340,405-71-5424,Una,Benedict,133,9/23/2001,Female,696-689-6788,ubenedict9f@surveymonkey.com,294
341,818-51-4820,Skippy,Waumsley,37,3/12/1904,Male,205-219-7670,swaumsley9g@pinterest.com,85
342,746-53-5201,Vite,Lintin,163,11/12/1961,Male,879-606-6888,vlintin9h@woothemes.com,189
343,867-87-7914,Larissa,Doulden,213,6/17/1939,Non-binary,383-279-9640,ldoulden9i@chron.com,119
344,837-30-8098,Ham,Hanster,153,2/17/1910,Male,197-368-3996,hhanster9j@walmart.com,196
345,408-78-6670,Julianne,Reily,250,11/6/1909,Female,471-543-4867,jreily9k@answers.com,245
346,113-69-7168,Pennie,Kalkofen,54,11/4/1991,Male,803-358-3137,pkalkofen9l@aol.com,261
347,266-08-7646,Ruthe,Tatterton,114,9/8/2008,Female,803-694-4445,rtatterton9m@e-recht24.de,264
348,695-05-4642,Janey,Tatum,264,4/30/1969,Female,106-347-3176,jtatum9n@nationalgeographic.com,105
349,444-42-6026,Emmalynne,Shee,43,7/16/1920,Female,259-688-3858,eshee9o@google.cn,20
350,714-26-3934,Hali,Cusworth,91,11/30/1972,Female,578-406-6033,hcusworth9p@vimeo.com,297
351,816-05-3134,Andie,Fearnall,221,9/18/1955,Male,851-417-3426,afearnall9q@cnbc.com,266
352,268-11-5975,Freedman,Gogin,98,6/2/1967,Male,754-506-5117,fgogin9r@wiley.com,154
353,585-19-1643,Almire,Coughlan,123,2/13/1957,Female,154-413-3157,acoughlan9s@ebay.co.uk,13
354,897-81-8646,Katey,Stormont,152,9/16/1916,Female,444-191-1037,kstormont9t@baidu.com,222
355,274-07-5800,Amalita,Sharple,220,7/21/1907,Agender,253-294-9659,asharple9u@msn.com,86
356,883-86-7221,Dollie,Hovington,76,11/19/1917,Non-binary,756-412-7896,dhovington9v@mapy.cz,170
357,736-02-5310,Gibbie,Bedinham,122,1/3/1989,Male,811-770-9272,gbedinham9w@blinklist.com,226
358,170-67-5339,Caddric,Pyatt,290,9/19/1922,Male,299-397-1944,cpyatt9x@canalblog.com,133
359,744-59-6044,Legra,Fishbourne,136,4/20/1961,Female,940-113-4983,lfishbourne9y@paginegialle.it,48
360,628-46-4780,Talbert,Benedito,135,5/26/1967,Male,334-128-1886,tbenedito9z@feedburner.com,220
361,386-87-7820,Andriette,Haines,198,9/11/1902,Female,925-232-5118,ahainesa0@timesonline.co.uk,205
362,359-50-4266,Aleda,Dodd,270,6/13/1951,Female,646-445-1937,adodda1@ocn.ne.jp,78
363,802-67-8725,Abagail,Loweth,101,3/8/2015,Female,361-339-4586,alowetha2@ed.gov,40
364,723-60-1694,Rudolf,Joost,224,11/4/1943,Male,946-861-3045,rjoosta3@clickbank.net,53
365,871-69-0292,Jammal,Bortoli,293,7/6/1988,Male,326-420-5772,jbortolia4@oakley.com,220
366,660-34-0923,Boris,Reijmers,254,4/30/1906,Male,955-241-1675,breijmersa5@census.gov,26
367,848-97-9561,Tine,Ornillos,261,2/25/2020,Female,369-815-1427,tornillosa6@godaddy.com,37
368,493-83-7465,Corina,Obern,111,12/2/1988,Female,933-530-7265,coberna7@stanford.edu,52
369,383-25-5257,Ware,Pond-Jones,273,3/10/1921,Male,273-933-2608,wpondjonesa8@sciencedaily.com,279
370,526-78-8535,Tadd,Storch,33,2/21/1934,Male,127-555-6466,tstorcha9@timesonline.co.uk,153
371,524-72-6291,Aldis,Campaigne,39,3/10/1934,Male,868-114-1978,acampaigneaa@printfriendly.com,128
372,842-43-2135,Peyter,Klug,139,10/11/1942,Male,538-740-2082,pklugab@webs.com,4
373,114-54-8684,Alejoa,Shearn,252,12/25/1913,Male,361-267-6679,ashearnac@omniture.com,106
374,117-09-6222,Avis,Gammell,263,11/23/1901,Female,416-427-2000,agammellad@angelfire.com,170
375,665-25-4631,Ruby,Graveney,234,9/5/1995,Female,444-967-5779,rgraveneyae@globo.com,25
376,860-82-6116,Newton,Bowles,136,2/1/1910,Male,446-548-4242,nbowlesaf@dropbox.com,232
377,690-05-8562,Giulia,Frake,142,2/23/1958,Female,489-483-8694,gfrakeag@shareasale.com,271
378,721-94-2061,Jojo,Odger,28,11/19/1990,Female,140-484-8037,jodgerah@blogtalkradio.com,91
379,843-26-9448,Sofie,Clowney,277,2/11/1907,Female,863-486-5455,sclowneyai@ca.gov,114
380,445-28-1977,Arlette,Pabel,113,3/23/1988,Female,619-549-9102,apabelaj@creativecommons.org,132
381,500-05-7817,Rudyard,Raith,143,4/24/1903,Male,110-956-1148,rraithak@nyu.edu,193
382,821-62-7154,Richmond,Shelliday,8,11/28/1937,Male,371-738-4123,rshellidayal@hibu.com,129
383,351-88-3282,Raymond,Nobes,164,6/21/2015,Male,551-573-7604,rnobesam@hexun.com,41
384,741-35-2143,Kerr,Dundendale,42,7/12/1900,Male,264-614-4352,kdundendalean@arstechnica.com,102
385,748-31-2817,Yank,Scogings,275,11/20/1977,Male,318-195-5141,yscogingsao@go.com,143
386,140-87-3465,Flinn,Christoffels,84,4/27/1970,Male,870-524-5793,fchristoffelsap@nature.com,190
387,825-47-6692,Faith,Melchior,188,5/1/1976,Female,448-264-0073,fmelchioraq@ox.ac.uk,53
388,849-92-4166,Raye,Chapier,198,7/6/1991,Female,194-205-0132,rchapierar@ask.com,267
389,218-42-6520,Melina,Kopfer,219,12/4/2013,Female,435-790-6994,mkopferas@webnode.com,202
390,229-43-8138,Darcey,Blaszkiewicz,200,2/14/1906,Polygender,647-488-4948,dblaszkiewiczat@bloglovin.com,147
391,517-68-0466,Susanna,Fairweather,252,9/25/1927,Female,116-602-7188,sfairweatherau@usgs.gov,118
392,622-75-5868,Gratia,Batchellor,235,8/2/2001,Female,656-997-4164,gbatchellorav@moonfruit.com,115
393,454-72-9574,Kennett,Clayill,201,6/11/1986,Male,858-511-5711,kclayillaw@mit.edu,260
394,546-90-9958,Caralie,Jako,115,6/7/1953,Female,202-557-9346,cjakoax@uol.com.br,41
395,856-58-2342,Peter,Mathan,289,5/20/1939,Male,790-214-6105,pmathanay@smh.com.au,165
396,153-21-6929,Boony,Shorter,116,7/21/2015,Male,632-696-9264,bshorteraz@nytimes.com,259
397,714-83-4074,Aloin,Zettoi,20,7/4/2013,Male,734-418-6725,azettoib0@blogs.com,136
398,418-95-6732,Cherilyn,Adam,162,10/28/1979,Female,486-722-9352,cadamb1@sbwire.com,266
399,131-49-3709,Dilan,Keasley,69,4/9/1969,Male,879-353-0023,dkeasleyb2@nhs.uk,20
400,304-71-2624,Bing,Ivanchov,204,1/1/2019,Male,145-171-5262,bivanchovb3@home.pl,29
401,784-44-7065,Kalvin,Hernik,15,7/23/1998,Male,987-677-2944,khernikb4@over-blog.com,103
402,589-92-2865,Marie,Burbridge,196,4/5/1932,Female,688-314-9653,mburbridgeb5@wufoo.com,175
403,432-63-8579,Carolan,Pawlata,292,5/2/1984,Female,886-796-3548,cpawlatab6@google.com.au,202
404,177-71-6222,Ade,Echlin,107,11/14/2016,Male,363-420-5090,aechlinb7@pcworld.com,58
405,403-84-8010,Merrill,Rousel,49,5/8/1913,Female,576-990-0731,mrouselb8@mtv.com,205
406,494-54-4177,Beatrisa,Kinnin,263,12/15/2018,Female,568-649-6122,bkinninb9@mozilla.com,253
407,198-49-5726,Alphonso,McCartan,81,3/2/1921,Male,797-262-6921,amccartanba@reuters.com,231
408,640-09-3843,Kile,Dinnington,55,12/6/1902,Male,122-583-1452,kdinningtonbb@time.com,280
409,139-35-0523,Kevina,Varney,282,1/23/1915,Female,783-899-6968,kvarneybc@addtoany.com,108
410,175-01-8488,Clementia,MacMorland,255,6/3/1993,Non-binary,571-329-2100,cmacmorlandbd@sakura.ne.jp,185
411,174-25-6981,Elia,Sigfrid,216,9/22/1961,Male,235-776-3391,esigfridbe@woothemes.com,114
412,568-63-3127,Miguel,Claringbold,125,8/1/1980,Male,828-204-2726,mclaringboldbf@netscape.com,71
413,444-20-5675,Merrill,Zanutti,206,1/26/2005,Male,195-377-0071,mzanuttibg@trellian.com,274
414,303-50-9964,Petrina,Holyland,232,11/28/1983,Genderqueer,289-858-8849,pholylandbh@slashdot.org,89
415,234-80-3177,Judas,Prawle,284,2/15/1914,Male,396-267-2908,jprawlebi@free.fr,25
416,770-37-9476,Lewie,Brickell,255,8/14/2015,Male,229-570-6066,lbrickellbj@dion.ne.jp,121
417,130-88-0045,Roi,Master,126,8/6/1950,Male,545-442-2084,rmasterbk@comcast.net,192
418,348-53-5900,Bartolomeo,Himsworth,181,4/22/2019,Male,571-687-8392,bhimsworthbl@qq.com,66
419,865-84-8460,Wilhelmina,Oneill,259,11/30/1984,Female,411-663-6438,woneillbm@washingtonpost.com,217
420,716-89-9042,Merla,Brearton,144,2/26/1990,Female,493-123-1739,mbreartonbn@deliciousdays.com,164
421,320-17-0877,Winifred,Keave,14,8/4/1913,Female,541-175-8117,wkeavebo@github.io,129
422,446-69-2599,Franky,Palle,156,7/21/1968,Female,646-563-5605,fpallebp@mysql.com,89
423,451-20-6900,Gar,Etienne,256,7/16/2019,Male,155-486-4305,getiennebq@nydailynews.com,122
424,308-91-8701,Lynnette,Bemrose,90,12/22/1968,Female,723-313-3309,lbemrosebr@163.com,6
425,355-54-3718,Jacques,Westlake,25,1/16/1989,Male,399-495-6197,jwestlakebs@microsoft.com,48
426,479-50-9080,Chrissie,Spiers,135,9/13/1963,Male,146-405-4040,cspiersbt@telegraph.co.uk,130
427,360-66-5442,Marlo,Ashley,237,4/18/1987,Female,571-318-7708,mashleybu@miibeian.gov.cn,191
428,487-31-6493,Pascale,Sterley,271,1/1/1911,Male,937-523-0235,psterleybv@godaddy.com,12
429,205-89-4637,Cyndy,Maling,289,2/11/1947,Female,275-785-8205,cmalingbw@cafepress.com,22
430,589-64-5794,Ernaline,Scurrer,228,2/14/2005,Female,610-692-0203,escurrerbx@eventbrite.com,8
431,110-31-7629,Demeter,Bance,200,4/19/1939,Female,359-595-2465,dbanceby@yellowpages.com,78
432,292-52-8053,Evelyn,Ashplant,184,1/21/1944,Male,235-876-7106,eashplantbz@webnode.com,108
433,410-06-2920,Amalia,O'Gleasane,216,9/4/1986,Female,888-460-7604,aogleasanec0@umich.edu,210
434,164-97-4792,Ami,Hallows,265,12/1/1998,Female,743-480-5151,ahallowsc1@yellowbook.com,230
435,823-21-9458,Susann,McNab,108,11/4/1941,Female,205-491-5365,smcnabc2@spotify.com,114
436,164-59-7637,Cody,Dodman,195,7/9/2005,Male,630-474-6246,cdodmanc3@behance.net,14
437,779-31-1916,Ame,Ghilardi,25,1/6/1935,Female,566-928-3866,aghilardic4@whitehouse.gov,227
438,136-84-4384,Tisha,Braybrooke,138,10/24/1915,Female,382-770-0633,tbraybrookec5@opensource.org,138
439,834-79-1722,Flo,Baddiley,240,6/25/2008,Non-binary,486-669-9215,fbaddileyc6@netscape.com,111
440,390-21-4869,Ayn,Deeks,85,6/6/1904,Bigender,149-574-6975,adeeksc7@sun.com,109
441,460-14-0975,Angelia,Belly,229,5/11/2005,Female,869-813-9778,abellyc8@devhub.com,140
442,865-34-5101,Wendall,Tillerton,154,9/22/1984,Male,955-288-1335,wtillertonc9@ox.ac.uk,9
443,600-37-8878,Marcello,Ankers,260,8/4/1991,Male,962-834-3904,mankersca@i2i.jp,248
444,458-27-2958,Polly,Cleynman,11,1/21/1924,Female,367-606-2993,pcleynmancb@multiply.com,14
445,857-24-6441,Lucie,Leyman,3,12/21/1971,Female,778-696-5979,lleymancc@amazon.co.uk,75
446,236-50-6932,Correy,Beaushaw,250,5/31/1947,Genderqueer,673-118-7497,cbeaushawcd@abc.net.au,74
447,801-62-1593,Jule,Rhelton,271,8/20/1954,Male,267-632-0919,jrheltonce@nationalgeographic.com,21
448,556-40-4305,Laurel,Ricciardi,282,10/13/1950,Female,986-257-3474,lricciardicf@geocities.jp,101
449,679-67-6920,Carlina,Makinson,40,1/30/1984,Female,440-130-6880,cmakinsoncg@google.ru,69
450,600-43-0722,Greta,Somerset,160,6/2/2019,Female,646-341-4013,gsomersetch@tinyurl.com,173
451,185-33-4445,Mattheus,Lowrance,213,9/5/1920,Male,602-484-2939,mlowranceci@google.com.au,67
452,811-11-7475,Aida,Gorring,128,4/12/1994,Female,314-355-3263,agorringcj@linkedin.com,262
453,361-41-6493,Ambur,Cello,44,2/7/2019,Female,583-569-8712,acellock@amazon.de,90
454,331-15-3182,Julissa,Hedau,248,2/24/1953,Female,798-182-6984,jhedaucl@jigsy.com,69
455,873-44-4442,Doris,Dingle,44,12/6/1900,Female,118-980-9955,ddinglecm@skyrock.com,128
456,536-16-7276,Dorelia,Penke,42,12/5/2014,Female,237-516-1120,dpenkecn@skype.com,136
457,838-19-2198,Merwin,Pettegree,85,12/11/1953,Genderqueer,411-336-4625,mpettegreeco@engadget.com,19
458,607-51-0261,Marion,Nottle,80,1/8/2016,Female,669-121-3652,mnottlecp@netvibes.com,128
459,864-35-8965,Ivy,Christall,206,1/30/1908,Female,297-749-2662,ichristallcq@ebay.co.uk,105
460,533-41-8760,Waylin,De Zuani,194,9/28/1963,Male,295-864-7455,wdezuanicr@friendfeed.com,247
461,750-17-6338,Nedda,Wilshaw,117,8/23/1977,Female,546-626-8940,nwilshawcs@csmonitor.com,291
462,878-05-9570,Devonna,Covey,250,5/27/2005,Female,325-255-1486,dcoveyct@i2i.jp,233
463,742-76-9084,Rebekkah,Mapples,99,3/21/1903,Female,621-662-5328,rmapplescu@slashdot.org,126
464,632-08-1989,Arty,Berkley,161,9/13/1953,Male,425-748-2320,aberkleycv@netlog.com,287
465,323-23-7872,Ced,Brito,282,11/13/2010,Male,335-744-1540,cbritocw@scribd.com,214
466,891-91-3468,Petra,Backhouse,61,9/20/1958,Female,647-805-3685,pbackhousecx@blog.com,39
467,336-45-8155,Maryrose,Dorre,191,6/8/1975,Female,542-185-3087,mdorrecy@4shared.com,61
468,648-28-5097,Rikki,Mitchley,232,11/25/1902,Male,323-541-8369,rmitchleycz@weibo.com,298
469,438-61-9659,Creighton,Eshelby,259,2/10/1972,Male,937-730-8927,ceshelbyd0@csmonitor.com,159
470,587-59-1613,Ira,Meharry,252,12/20/1991,Female,602-991-9527,imeharryd1@i2i.jp,249
471,496-83-5155,Garry,Caff,125,8/23/1986,Male,133-306-1549,gcaffd2@google.de,175
472,165-24-7177,King,Sedman,170,7/2/2004,Male,363-970-5585,ksedmand3@businesswire.com,268
473,336-95-1299,Mala,Tythe,46,3/11/1981,Female,107-634-7415,mtythed4@nbcnews.com,147
474,266-34-9018,Graeme,Kimpton,54,8/26/1994,Male,354-385-5023,gkimptond5@usa.gov,81
475,873-83-0391,Lorant,Battill,170,10/24/1933,Male,830-345-2977,lbattilld6@dailymail.co.uk,6
476,732-06-0439,Almire,Ginnaly,244,4/15/1978,Female,920-677-1165,aginnalyd7@cbsnews.com,291
477,145-09-3774,Shirline,Rosevear,231,5/30/2001,Female,605-708-2646,sroseveard8@weibo.com,293
478,432-49-3097,Zilvia,McCanny,293,1/12/1933,Female,601-872-0606,zmccannyd9@yahoo.co.jp,32
479,426-84-7636,Lissi,Samme,248,9/7/1928,Agender,736-232-3485,lsammeda@ifeng.com,229
480,681-71-1002,Vinnie,Dosdale,81,2/20/2001,Male,111-197-0220,vdosdaledb@flavors.me,143
481,405-54-3056,Zak,Tremethack,230,3/1/1955,Bigender,318-360-3962,ztremethackdc@google.ca,144
482,114-26-8244,Domini,Rojas,111,1/8/2007,Female,480-177-5728,drojasdd@accuweather.com,5
483,301-60-5132,Jervis,Jimes,40,10/3/1900,Male,684-395-2422,jjimesde@pbs.org,15
484,220-53-5862,Randi,Lavers,54,5/26/1945,Female,584-209-5134,rlaversdf@rambler.ru,69
485,304-43-8858,Colby,Liverseege,296,6/12/2006,Male,602-270-2250,cliverseegedg@earthlink.net,83
486,638-62-8061,Jard,McCutheon,75,12/24/1955,Male,911-844-0934,jmccutheondh@ted.com,273
487,712-13-0999,Earle,Leith,118,3/14/1994,Male,852-482-7152,eleithdi@thetimes.co.uk,209
488,576-05-7307,Torrance,Obern,67,11/1/1982,Male,644-603-6930,toberndj@amazonaws.com,155
489,511-81-3420,Hashim,Meace,285,4/19/1904,Male,419-939-8130,hmeacedk@ucoz.ru,135
490,165-79-9174,Kellina,Dommersen,115,11/4/1925,Female,301-767-9935,kdommersendl@google.fr,82
491,878-72-3344,Lion,Ahmed,20,11/27/1962,Genderfluid,325-677-5001,lahmeddm@51.la,137
492,802-76-1347,Willis,Everley,44,7/6/1980,Male,165-579-5576,weverleydn@ebay.com,224
493,737-36-8743,Jennilee,Lemonby,127,5/20/2011,Female,328-248-0864,jlemonbydo@google.com.br,230
494,643-42-0703,Norman,Matthessen,202,8/6/1971,Polygender,134-782-8843,nmatthessendp@miibeian.gov.cn,165
495,196-79-6612,Trula,Cleverly,37,3/2/2018,Female,101-441-9998,tcleverlydq@cafepress.com,113
496,383-88-2107,Vin,Viles,234,8/10/1973,Female,434-219-7861,vvilesdr@constantcontact.com,273
497,480-31-8670,Glenine,Havers,140,6/6/1987,Female,484-979-3128,ghaversds@yale.edu,8
498,640-57-9772,Carrol,Crysell,4,6/11/1949,Male,111-972-2332,ccryselldt@dailymail.co.uk,179
499,245-64-9056,Saundra,Flucker,21,9/20/1921,Female,422-404-6582,sfluckerdu@dagondesign.com,55
500,117-78-3930,Garner,Palmby,28,5/17/1932,Male,196-871-1851,gpalmbydv@columbia.edu,135
501,648-45-7681,Emelen,Houlston,62,1/3/1957,Male,331-337-0941,ehoulstondw@bloomberg.com,202
502,496-34-8199,Man,Arnholz,11,5/19/1971,Male,133-371-1318,marnholzdx@blogger.com,62
503,554-60-5128,Tedie,Mercer,146,1/21/1971,Male,901-929-7429,tmercerdy@ibm.com,113
504,595-05-7891,Mame,Bruhnicke,196,6/16/1974,Agender,897-229-8867,mbruhnickedz@marriott.com,112
505,196-86-2294,Chandler,Torry,171,7/1/1917,Male,165-316-9552,ctorrye0@mac.com,58
506,137-63-4861,Mace,Bilbie,42,3/15/2007,Male,679-363-8090,mbilbiee1@cyberchimps.com,86
507,832-45-8909,Kip,Samwaye,39,7/25/1953,Male,799-226-5879,ksamwayee2@japanpost.jp,144
508,153-61-3662,Connie,Ching,35,3/7/1944,Male,186-130-9257,cchinge3@tuttocitta.it,290
509,137-82-2509,Thaine,Heditch,299,2/10/1950,Polygender,483-386-3900,theditche4@istockphoto.com,244
510,771-42-7381,Brinna,De Biasi,50,3/10/1912,Female,843-246-5860,bdebiasie5@aol.com,147
511,886-82-2459,Mahmud,Mitchenson,52,2/8/1952,Polygender,975-701-5709,mmitchensone6@ucoz.ru,259
512,841-42-9032,Christean,Nockles,237,9/23/1907,Female,348-434-6029,cnocklese7@yellowpages.com,80
513,416-40-4079,Byrann,Powlesland,225,3/19/1904,Male,427-595-9003,bpowleslande8@arizona.edu,112
514,605-39-9114,Kristo,Duffil,244,6/20/1939,Male,738-842-0746,kduffile9@ezinearticles.com,281
515,530-77-2141,Myrtice,Lomaz,258,8/27/1905,Female,217-431-0869,mlomazea@weibo.com,252
516,622-49-9988,Delaney,Simison,234,2/5/1929,Male,434-917-1960,dsimisoneb@google.com.hk,31
517,277-56-9317,Boote,Agneau,253,10/7/1944,Male,904-446-0644,bagneauec@shutterfly.com,257
518,711-48-3810,Rolfe,Bentinck,4,9/7/2011,Male,697-109-9871,rbentincked@deviantart.com,48
519,698-79-9131,Chucho,Asipenko,177,3/11/2010,Male,262-531-9201,casipenkoee@toplist.cz,184
520,356-48-5178,Florian,Phettiplace,300,3/28/1926,Male,809-691-2319,fphettiplaceef@histats.com,96
521,363-35-1442,Tam,Briscam,120,8/12/2012,Male,470-442-2051,tbriscameg@oracle.com,236
522,209-34-4511,Eliza,Pendre,95,6/3/1929,Female,942-412-2949,ependreeh@cbsnews.com,231
523,750-85-7159,Yelena,McGurk,119,12/17/1906,Female,433-947-6232,ymcgurkei@icio.us,198
524,138-68-3521,Zared,Van Arsdall,271,6/1/1994,Male,124-343-1595,zvanarsdallej@skype.com,105
525,828-41-1555,Atlante,Fairlem,177,3/16/1957,Genderqueer,972-192-4238,afairlemek@cyberchimps.com,181
526,558-43-5977,Wilhelmine,Petters,132,9/15/1969,Female,728-213-0712,wpettersel@businessweek.com,228
527,375-64-7034,Jennette,Wavish,191,1/29/1955,Female,480-172-8930,jwavishem@posterous.com,23
528,394-31-4007,Isidoro,Bowhey,12,9/17/1901,Male,875-115-7138,ibowheyen@reddit.com,54
529,851-10-6956,Yuri,Wharrier,118,10/30/1905,Male,819-831-1312,ywharriereo@over-blog.com,247
530,510-81-1135,Barbaraanne,Fleis,200,8/28/2016,Female,573-704-0093,bfleisep@etsy.com,37
531,540-36-5806,Redd,Jenkins,57,12/29/1998,Male,143-839-3695,rjenkinseq@infoseek.co.jp,42
532,381-73-5452,Dixie,Bourdas,182,5/16/1926,Female,635-472-0690,dbourdaser@foxnews.com,128
533,208-36-0548,Ruthy,Gutridge,45,3/24/1980,Female,721-387-8241,rgutridgees@jimdo.com,232
534,200-39-6967,Marguerite,Cristofolo,15,10/31/2013,Female,366-398-3498,mcristofoloet@sitemeter.com,296
535,459-64-6715,Ed,MacKellar,185,9/18/1931,Male,722-246-5918,emackellareu@sitemeter.com,282
536,267-85-7146,Godard,Riche,73,11/8/1985,Male,541-590-1157,gricheev@themeforest.net,127
537,338-27-4098,Madelyn,Eagling,73,9/30/1999,Female,659-504-0173,meaglingew@shop-pro.jp,101
538,258-56-9922,Kristen,Kirlin,77,10/17/1942,Female,601-681-8570,kkirlinex@gmpg.org,250
539,480-90-8890,Kelly,Callington,21,9/9/1970,Female,107-332-6471,kcallingtoney@sfgate.com,194
540,698-14-9173,Lucas,Ornelas,85,10/23/1985,Male,491-580-1049,lornelasez@stanford.edu,138
541,441-01-7712,Esmeralda,Greengrass,117,11/9/2004,Female,544-118-0540,egreengrassf0@i2i.jp,131
542,819-95-9832,Frank,Avo,128,12/16/2005,Female,382-537-3095,favof1@unblog.fr,262
543,572-19-8790,Belita,Ellicock,138,8/4/1921,Female,195-420-2132,bellicockf2@ftc.gov,102
544,861-21-1264,Atlanta,Campo,69,1/6/1994,Female,619-350-8140,acampof3@ted.com,222
545,155-28-4139,Joanne,Harmson,101,4/4/1971,Female,354-437-5170,jharmsonf4@free.fr,50
546,839-72-7982,Lishe,Millwater,193,1/16/1946,Female,413-924-7030,lmillwaterf5@sun.com,188
547,743-49-7934,Crystie,Imlin,8,4/18/1921,Female,196-205-0871,cimlinf6@moonfruit.com,191
548,877-19-3208,Clerkclaude,Gutowski,7,9/5/1950,Polygender,337-371-7536,cgutowskif7@princeton.edu,50
549,414-76-7972,Davon,Emsden,193,7/7/1901,Male,384-208-5859,demsdenf8@bizjournals.com,266
550,801-50-9212,Torrin,Applebee,291,4/9/1916,Male,457-824-8271,tapplebeef9@amazon.co.uk,135
551,163-33-3658,Jamesy,Laycock,271,4/25/1905,Male,435-446-2324,jlaycockfa@delicious.com,198
552,385-64-6653,Danni,Lamburn,110,1/21/1987,Female,927-197-6599,dlamburnfb@quantcast.com,230
553,777-33-0066,Clementia,Lamboll,96,11/14/1931,Female,955-545-4036,clambollfc@dropbox.com,40
554,535-80-4496,Kristo,Rosas,41,8/24/1990,Male,460-300-5664,krosasfd@indiegogo.com,80
555,857-89-6882,Kienan,Defraine,47,4/2/1906,Male,119-975-1096,kdefrainefe@arstechnica.com,132
556,495-48-6833,Hildy,Addis,171,3/14/1951,Female,451-531-2864,haddisff@gizmodo.com,273
557,764-63-1251,Skelly,Alanbrooke,132,4/29/1931,Male,550-395-0213,salanbrookefg@vimeo.com,284
558,332-09-0005,Loralyn,Bollin,269,8/30/1946,Female,862-991-3609,lbollinfh@redcross.org,235
559,161-47-5597,Flora,Oherlihy,239,1/14/1921,Female,468-641-3921,foherlihyfi@accuweather.com,118
560,243-77-4268,Ilise,Mead,79,7/4/1910,Female,185-132-1771,imeadfj@blinklist.com,270
561,362-32-8744,Lavinia,Westmerland,265,11/17/1990,Female,527-801-5975,lwestmerlandfk@t-online.de,253
562,625-55-7873,Cassie,Cridlan,209,2/28/1996,Female,432-250-2795,ccridlanfl@feedburner.com,139
563,817-64-7936,Juieta,McGall,258,6/6/2008,Female,753-465-5414,jmcgallfm@hexun.com,217
564,506-81-3991,Dosi,Forgan,83,3/24/1982,Polygender,725-465-5797,dforganfn@msn.com,55
565,739-54-5434,Lalo,Dibling,147,1/10/1919,Male,993-108-2897,ldiblingfo@theatlantic.com,64
566,781-14-5445,Andee,Crowther,191,3/12/1989,Non-binary,197-132-0605,acrowtherfp@mashable.com,175
567,700-02-2724,Osgood,Barrington,85,10/15/1936,Male,394-460-7771,obarringtonfq@rediff.com,42
568,512-72-2642,Kaile,Minci,134,7/20/1938,Female,673-841-0388,kmincifr@infoseek.co.jp,11
569,702-19-5161,Marlene,Havenhand,39,4/16/1997,Female,318-944-7391,mhavenhandfs@bbb.org,116
570,375-91-9548,Cindelyn,Ollerhead,296,12/7/1926,Female,597-603-5535,collerheadft@vk.com,20
571,205-40-8849,Selestina,Conerding,59,3/1/2011,Female,822-557-3113,sconerdingfu@google.com.br,24
572,717-68-2196,Bradan,Readie,25,10/25/1919,Male,131-516-9704,breadiefv@sogou.com,258
573,528-64-7284,Jemie,Altoft,124,11/11/1914,Female,880-941-3104,jaltoftfw@china.com.cn,281
574,377-78-3662,Carmel,Featherby,249,3/19/1989,Female,124-497-7208,cfeatherbyfx@pbs.org,20
575,135-07-2993,Giulio,Muehle,247,12/7/1926,Male,909-100-2112,gmuehlefy@wp.com,61
576,253-37-7551,Hatty,Stranaghan,255,10/4/2018,Female,211-266-8312,hstranaghanfz@theglobeandmail.com,77
577,415-75-9634,Tamarra,Tesimon,204,7/11/1934,Female,890-803-1877,ttesimong0@wisc.edu,165
578,730-61-8463,Tandi,Montgomery,268,5/29/1970,Female,508-297-9025,tmontgomeryg1@alexa.com,272
579,260-75-4317,Oliviero,Gather,8,5/2/1906,Male,317-319-0550,ogatherg2@wordpress.com,123
580,850-48-1276,Linell,Sambals,177,5/28/2000,Female,463-190-3472,lsambalsg3@google.com.au,56
581,754-12-4676,Giulia,Mickan,198,1/5/1978,Female,153-420-2022,gmickang4@yolasite.com,158
582,208-49-4676,Massimiliano,Le Noire,36,6/14/1930,Male,873-305-2444,mlenoireg5@icq.com,257
583,803-66-1235,Llewellyn,Muffin,16,8/15/1959,Male,332-452-7914,lmuffing6@feedburner.com,173
584,232-06-8303,Bette-ann,Dominetti,221,4/24/2003,Female,215-298-3906,bdominettig7@timesonline.co.uk,79
585,731-29-7444,Mead,Maharey,90,10/6/1993,Male,222-934-7483,mmahareyg8@samsung.com,273
586,689-15-6771,Natty,Froud,139,2/16/1900,Male,829-638-8713,nfroudg9@creativecommons.org,127
587,758-85-1921,Alexandr,Pugsley,166,11/20/1902,Male,500-164-9143,apugsleyga@ibm.com,136
588,856-76-1600,Kai,Riveles,89,3/28/1938,Female,674-208-3953,krivelesgb@g.co,121
589,400-53-4632,Randell,Blatherwick,47,10/12/1997,Male,319-330-5157,rblatherwickgc@omniture.com,34
590,484-39-5392,Jasper,Falks,178,6/1/1918,Male,765-754-4355,jfalksgd@apache.org,183
591,819-46-1412,Orazio,Philipson,132,3/25/1934,Male,464-365-8808,ophilipsonge@goo.gl,17
592,624-31-4653,Doti,Boath,50,3/6/1982,Female,203-505-4596,dboathgf@walmart.com,260
593,122-30-4923,Sterne,Chartman,29,6/7/2015,Male,270-727-4835,schartmangg@wunderground.com,261
594,596-58-1087,Jojo,Stovine,42,11/29/1925,Female,523-787-1698,jstovinegh@gnu.org,299
595,851-39-9570,Nobe,Allebone,128,1/18/1929,Genderfluid,401-159-5403,nallebonegi@china.com.cn,100
596,249-23-6564,Denice,Stouther,299,7/26/1998,Polygender,239-499-4605,dstouthergj@wikimedia.org,210
597,387-04-8146,Paulita,Macro,1,8/3/1908,Female,384-960-1819,pmacrogk@marriott.com,72
598,320-27-5499,Donny,Edmons,203,2/4/1957,Female,406-171-0090,dedmonsgl@dropbox.com,228
599,226-33-3730,Simon,Bartleman,278,1/10/1906,Male,354-824-5295,sbartlemangm@latimes.com,210
600,896-34-0194,Gunar,Brimm,51,2/3/2005,Male,376-731-8815,gbrimmgn@blogspot.com,293
601,427-16-6236,Roderigo,Klejna,2,11/11/1970,Male,404-712-2439,rklejnago@google.cn,77
602,609-70-8600,Cary,MacMorland,29,8/15/1915,Female,680-215-6843,cmacmorlandgp@nydailynews.com,126
603,505-55-3980,Sterne,Gazey,127,5/29/1999,Male,675-872-1223,sgazeygq@naver.com,240
604,826-02-7637,Vincenz,Margrem,163,12/9/2018,Male,538-715-4110,vmargremgr@accuweather.com,266
605,259-19-0349,Maxie,Thomlinson,294,4/13/1922,Male,187-419-5038,mthomlinsongs@joomla.org,108
606,724-23-5815,Sauveur,Clowney,63,2/20/1927,Male,665-521-9496,sclowneygt@delicious.com,78
607,612-05-1695,Maddie,Rojel,52,2/12/1994,Male,284-659-2578,mrojelgu@mail.ru,77
608,363-20-0120,Cecile,Gounet,221,12/31/1902,Female,932-906-8436,cgounetgv@blogspot.com,121
609,252-75-8793,Thorin,Sawter,297,4/12/2016,Male,520-435-7288,tsawtergw@fda.gov,223
610,746-62-3805,Pablo,Raymont,134,2/18/1952,Male,321-230-7918,praymontgx@wired.com,188
611,312-33-3512,Sherrie,O'Garmen,159,4/12/1947,Female,211-981-2791,sogarmengy@about.com,12
612,590-57-0515,Pebrook,Luce,64,11/22/1925,Male,398-672-9192,plucegz@t-online.de,162
613,687-43-0987,Vicky,Blockey,186,9/12/1980,Non-binary,994-566-6088,vblockeyh0@cloudflare.com,256
614,773-39-8293,Benyamin,Pugh,212,11/28/1948,Male,474-243-3644,bpughh1@seattletimes.com,40
615,647-09-8360,Roderigo,Calbreath,16,8/1/1908,Male,849-214-4840,rcalbreathh2@over-blog.com,218
616,477-77-2986,Lombard,Yushachkov,28,7/7/1932,Male,217-680-4503,lyushachkovh3@blogs.com,154
617,799-17-1847,Linnet,Erdes,191,12/15/1931,Female,247-276-6505,lerdesh4@ucla.edu,29
618,599-39-8513,Luci,McGruar,39,3/22/1989,Female,979-642-8765,lmcgruarh5@sun.com,139
619,391-16-3433,Rusty,Brixey,117,1/6/2004,Male,478-507-1877,rbrixeyh6@europa.eu,182
620,406-95-7557,Kettie,Quene,51,10/12/1991,Genderfluid,525-870-9116,kqueneh7@uiuc.edu,154
621,200-79-0409,Padget,McCloud,239,3/16/2019,Male,180-404-9127,pmccloudh8@toplist.cz,83
622,174-10-7380,Dicky,Pinhorn,174,2/2/1961,Genderqueer,597-368-3413,dpinhornh9@usatoday.com,24
623,806-17-1068,Goran,Oxteby,21,8/23/1923,Male,933-162-5796,goxtebyha@freewebs.com,133
624,192-19-8453,Arlen,Thombleson,249,2/22/2011,Female,255-727-9448,athomblesonhb@amazon.co.jp,124
625,804-84-5032,Lucilia,Solan,196,10/9/2015,Female,462-919-1765,lsolanhc@blinklist.com,156
626,152-92-1869,Darb,Itzcovich,59,5/10/1988,Male,647-503-3636,ditzcovichhd@angelfire.com,157
627,340-99-5098,Hermine,Wellbank,229,1/4/1926,Female,625-632-6162,hwellbankhe@google.ru,98
628,174-35-5080,Lacie,Beggi,246,11/8/1949,Female,389-360-9925,lbeggihf@reference.com,229
629,215-82-6639,Dorothea,Pavlishchev,225,8/26/1997,Female,443-931-1728,dpavlishchevhg@xing.com,156
630,249-56-2658,Aida,Ridsdell,214,1/15/1994,Female,183-826-8666,aridsdellhh@guardian.co.uk,39
631,784-83-4963,Theresina,Storey,242,3/24/1960,Female,505-553-7452,tstoreyhi@wisc.edu,250
632,853-47-6402,Danni,Antonich,286,5/19/1957,Female,409-530-7433,dantonichhj@cnet.com,280
633,771-54-9190,Vladamir,Valintine,146,3/22/2019,Male,580-815-7398,vvalintinehk@cafepress.com,68
634,349-44-3903,Rafael,Quickenden,198,2/6/1981,Male,205-328-1947,rquickendenhl@ucsd.edu,241
635,681-93-5361,Denyse,Fiennes,32,12/26/1963,Female,808-520-9686,dfienneshm@exblog.jp,111
636,228-70-5573,Rurik,Christofle,92,10/15/1901,Male,335-584-8310,rchristoflehn@yellowbook.com,56
637,861-83-9786,Marji,Polly,65,12/1/1943,Female,746-958-5588,mpollyho@microsoft.com,223
638,104-92-8230,Pat,Uttermare,159,9/6/2018,Polygender,360-276-5181,puttermarehp@tamu.edu,182
639,452-09-5633,Chadd,Pordall,200,6/29/1947,Male,688-414-9067,cpordallhq@baidu.com,72
640,130-63-8575,Waite,Dunkerly,231,1/26/1995,Genderfluid,170-578-9142,wdunkerlyhr@goo.ne.jp,187
641,524-77-0566,Caz,Pedican,176,6/25/1929,Male,859-343-9442,cpedicanhs@cloudflare.com,247
642,355-86-7640,Moritz,Crosgrove,111,12/27/1981,Male,588-332-9480,mcrosgroveht@gnu.org,68
643,320-99-5249,Jorge,Sprull,285,9/2/1914,Male,981-787-9454,jsprullhu@globo.com,227
644,500-39-3430,Anton,Snow,208,12/26/1988,Male,542-334-7500,asnowhv@prlog.org,86
645,843-14-4870,Waiter,Verne,27,8/4/1910,Male,900-849-6004,wvernehw@networksolutions.com,92
646,367-91-2840,Peta,Duffrie,127,12/3/1966,Female,732-394-3687,pduffriehx@statcounter.com,104
647,881-64-1376,Constancia,Bibbie,114,11/18/2010,Female,772-855-7844,cbibbiehy@delicious.com,28
648,586-43-0453,Veronica,Reymers,149,4/15/1978,Female,709-370-4167,vreymershz@yahoo.co.jp,267
649,269-34-9931,Dunn,Luc,197,6/23/1993,Male,464-119-3682,dluci0@timesonline.co.uk,137
650,445-20-7775,Phil,Summers,259,8/27/1949,Male,911-153-5868,psummersi1@reuters.com,247
651,774-19-9815,Gordie,Harley,6,10/26/1965,Male,550-878-4365,gharleyi2@weebly.com,178
652,207-34-5332,Killie,Dubois,201,6/13/1910,Male,703-435-9764,kduboisi3@thetimes.co.uk,295
653,646-44-3417,Gene,Cocke,230,10/20/1908,Male,655-303-2926,gcockei4@ftc.gov,89
654,160-67-0080,Leonard,Mainds,186,10/4/1938,Male,931-628-1111,lmaindsi5@dot.gov,285
655,603-08-4990,Vitoria,Fessby,235,11/15/1979,Female,540-752-4674,vfessbyi6@arstechnica.com,66
656,670-99-8459,Artemas,Weavers,225,11/20/1994,Male,914-946-0603,aweaversi7@scribd.com,253
657,628-69-2880,Martin,Martyn,57,3/18/1972,Male,282-513-7789,mmartyni8@wikimedia.org,16
658,635-84-9622,Megan,Gorden,68,1/26/1943,Female,440-991-9733,mgordeni9@angelfire.com,48
659,208-04-9259,Ellary,Donisthorpe,51,3/16/1984,Male,794-633-9163,edonisthorpeia@google.com.hk,76
660,655-02-7282,Anthea,Cuttles,111,5/13/1922,Female,831-153-5235,acuttlesib@youku.com,211
661,646-90-8956,Layla,MacLachlan,127,1/31/1990,Female,410-301-3409,lmaclachlanic@scribd.com,74
662,654-24-8691,Helge,Hehl,86,9/8/1961,Female,302-193-9264,hhehlid@ycombinator.com,194
663,754-22-6732,Wilfrid,Reeve,234,10/3/1957,Male,756-390-9014,wreeveie@vistaprint.com,138
664,564-24-6026,Gabey,Vaggs,220,2/17/1973,Female,769-731-4695,gvaggsif@ameblo.jp,190
665,273-99-4976,Dusty,Petherick,288,7/13/1907,Female,274-865-3940,dpetherickig@buzzfeed.com,12
666,162-97-6827,Paxton,Elgey,139,10/23/1919,Male,804-754-4355,pelgeyih@wisc.edu,157
667,708-73-1478,Bentlee,Lanyon,119,3/3/1966,Genderqueer,144-824-4767,blanyonii@storify.com,25
668,757-69-0460,Erik,Blaszkiewicz,223,8/13/1986,Male,924-246-8598,eblaszkiewiczij@ted.com,238
669,876-63-9626,Esmeralda,Varcoe,148,1/20/2009,Female,960-308-8425,evarcoeik@4shared.com,254
670,137-77-0942,Lamond,Korneichik,136,1/16/1905,Male,453-115-5016,lkorneichikil@parallels.com,31
671,387-53-3356,Norman,Eivers,51,12/23/1944,Male,208-125-8419,neiversim@alexa.com,159
672,447-55-9186,Olva,Ivanisov,242,8/13/1928,Female,644-783-0039,oivanisovin@taobao.com,106
673,408-12-4381,Hillie,Luxmoore,217,10/10/2002,Male,595-763-6946,hluxmooreio@skype.com,187
674,227-55-5594,Timothee,Waight,201,10/30/1927,Male,480-832-2427,twaightip@google.com.br,133
675,584-71-5410,Boy,Assad,220,2/5/1995,Male,140-305-4006,bassadiq@vimeo.com,84
676,467-39-7074,Cherie,Randle,159,10/29/1948,Female,150-712-9744,crandleir@cnbc.com,172
677,481-43-0939,Eyde,Paiton,131,4/29/1910,Female,974-239-0592,epaitonis@forbes.com,200
678,716-93-4072,Dore,Shillabeare,153,11/12/1973,Female,183-660-5196,dshillabeareit@mapquest.com,65
679,681-81-5543,Vonny,Drust,105,3/25/1995,Female,311-305-6918,vdrustiu@mysql.com,80
680,249-26-6650,Dedie,Pittham,257,5/9/1976,Female,326-759-8299,dpitthamiv@cnbc.com,294
681,682-44-6751,Stanfield,Halksworth,24,2/19/1985,Male,204-225-0168,shalksworthiw@cafepress.com,234
682,433-73-7342,Ashbey,Deegan,259,7/12/1934,Genderqueer,478-443-5311,adeeganix@themeforest.net,222
683,594-83-7872,Shawna,Helversen,157,2/8/1922,Female,296-377-0742,shelverseniy@friendfeed.com,173
684,562-93-6424,Lorin,Conklin,84,2/26/1928,Male,347-244-0630,lconkliniz@free.fr,109
685,433-84-4164,Traver,Noddles,117,2/20/1904,Male,882-106-8233,tnoddlesj0@flickr.com,235
686,829-16-1521,Gwen,Wotherspoon,27,5/5/2004,Female,402-335-9421,gwotherspoonj1@mlb.com,199
687,218-15-2180,Olivette,Lavrinov,137,12/5/1916,Female,632-457-4760,olavrinovj2@hexun.com,178
688,237-57-2499,Blaire,Tregust,123,9/16/1900,Genderqueer,383-425-6809,btregustj3@salon.com,109
689,672-95-6737,Vernon,Bates,181,7/12/1936,Male,424-363-7419,vbatesj4@bloomberg.com,194
690,471-07-3707,Amory,Francais,211,7/7/1931,Male,150-778-4442,afrancaisj5@shinystat.com,77
691,387-38-1467,Ines,Kenealy,7,6/17/1933,Genderfluid,572-339-8853,ikenealyj6@ca.gov,176
692,870-76-2666,Bernelle,Schruyers,82,11/19/1999,Female,736-793-9126,bschruyersj7@nsw.gov.au,99
693,538-57-8286,Terrijo,Brandli,257,10/16/1941,Genderfluid,275-846-8288,tbrandlij8@rambler.ru,31
694,353-08-5994,Jordon,Punshon,104,1/31/1981,Male,658-995-2994,jpunshonj9@nhs.uk,108
695,460-02-4797,Herminia,Kytley,71,12/25/1933,Female,775-905-7679,hkytleyja@house.gov,31
696,556-69-5738,Erasmus,Blonden,246,11/1/1950,Male,366-906-9893,eblondenjb@ask.com,163
697,609-84-4720,Ermengarde,Solon,53,11/5/1944,Female,960-593-5580,esolonjc@friendfeed.com,4
698,594-17-2072,Brice,Skalls,95,11/16/1918,Genderfluid,509-352-4061,bskallsjd@google.cn,174
699,123-20-3285,Gwynne,Knock,268,3/20/1911,Female,588-431-5293,gknockje@ed.gov,118
700,554-80-6785,Dill,Kirtley,286,3/22/1903,Male,132-368-6881,dkirtleyjf@soup.io,71
701,174-99-2128,Emmet,Revill,110,3/28/1918,Male,954-686-6123,erevilljg@va.gov,272
702,389-69-4514,Hillel,Dwane,56,4/3/1913,Male,523-207-4342,hdwanejh@state.gov,245
703,194-62-0355,Antonio,Ridgley,281,6/3/1996,Male,873-967-9409,aridgleyji@quantcast.com,300
704,801-59-2985,Torey,Backe,238,5/21/1977,Male,216-647-6158,tbackejj@epa.gov,50
705,441-28-3855,Bran,Navan,83,8/4/1901,Male,852-789-2310,bnavanjk@earthlink.net,79
706,470-60-0087,Frazier,Joberne,2,3/29/1918,Male,686-784-6602,fjobernejl@wufoo.com,209
707,488-63-1131,Willette,Macellar,258,9/29/1980,Female,469-403-3684,wmacellarjm@1und1.de,132
708,430-92-4347,Clarine,Donnelly,209,12/31/1971,Female,531-266-8998,cdonnellyjn@friendfeed.com,127
709,169-19-9744,Cinda,Kowalski,225,10/4/1900,Female,625-715-8702,ckowalskijo@google.es,120
710,762-89-0384,Carlie,Seeking,24,9/10/1976,Female,639-680-3269,cseekingjp@columbia.edu,230
711,129-69-4049,Stan,Haffner,24,9/18/1976,Male,383-616-3821,shaffnerjq@java.com,147
712,355-84-5740,Gamaliel,Etherton,218,12/29/1962,Non-binary,170-534-4738,gethertonjr@mozilla.com,133
713,640-45-9774,Martie,Eskrick,27,11/18/1954,Male,963-956-9391,meskrickjs@oakley.com,134
714,787-66-9623,Windy,Escalante,41,1/25/1909,Female,904-714-8063,wescalantejt@reverbnation.com,106
715,269-98-4698,Katalin,Cobelli,69,1/24/1944,Female,225-860-0131,kcobelliju@ameblo.jp,142
716,108-43-4503,Gibb,Peachman,63,5/19/2012,Male,555-202-2292,gpeachmanjv@pinterest.com,67
717,598-80-7170,Jessamine,Leng,74,2/11/1924,Female,366-355-6019,jlengjw@smh.com.au,7
718,147-39-5870,Micky,Treasaden,28,11/12/1967,Female,446-136-9556,mtreasadenjx@squidoo.com,159
719,322-73-8670,Angie,Emanuelov,279,3/9/1903,Male,395-245-9284,aemanuelovjy@wikia.com,53
720,340-79-3060,Giordano,Swinfen,52,3/23/1942,Male,834-292-4137,gswinfenjz@statcounter.com,9
721,885-98-9192,Eugene,Booton,99,2/28/1918,Male,436-339-3578,ebootonk0@behance.net,274
722,295-05-8818,Ricardo,Flindall,202,9/20/1983,Male,841-242-3402,rflindallk1@163.com,54
723,105-46-7003,Inna,Skeech,256,8/18/2001,Female,851-904-3457,iskeechk2@studiopress.com,90
724,869-40-6840,Jasper,Levett,29,5/3/1945,Male,441-612-2531,jlevettk3@hexun.com,17
725,826-05-1715,Murial,Jiggle,48,7/12/1933,Bigender,262-639-0766,mjigglek4@themeforest.net,247
726,735-68-0332,Thorstein,Sparey,238,6/8/1993,Male,332-926-2662,tspareyk5@apple.com,62
727,736-59-7594,Tiffany,Heaker,270,11/3/1948,Female,206-929-8857,theakerk6@blinklist.com,242
728,389-10-5669,Walton,Rushforth,68,2/12/1917,Male,215-752-6871,wrushforthk7@oaic.gov.au,254
729,615-70-2250,Marget,Anderer,53,10/17/1939,Female,634-471-4413,mandererk8@flavors.me,90
730,235-61-9908,Sansone,Musson,274,6/22/1989,Male,263-839-0833,smussonk9@cpanel.net,207
731,136-17-9287,Katharyn,Kliemann,43,7/20/1973,Female,150-246-4020,kkliemannka@barnesandnoble.com,247
732,700-03-8135,Alisun,Boulds,297,10/11/2001,Female,263-455-3101,abouldskb@google.co.jp,4
733,725-61-4464,Conrad,Hassell,4,6/30/1948,Non-binary,257-286-3634,chassellkc@ehow.com,10
734,649-81-0126,Bernard,Enriquez,16,7/18/1986,Polygender,127-407-2868,benriquezkd@cpanel.net,20
735,459-45-1600,Izak,Jagson,158,1/16/1906,Male,840-984-7117,ijagsonke@soup.io,266
736,157-30-5902,Cos,Ligertwood,172,10/14/1949,Male,980-752-9792,cligertwoodkf@si.edu,67
737,319-85-7552,Joshuah,Moreno,55,11/27/1914,Male,776-383-7184,jmorenokg@redcross.org,5
738,890-61-9552,Ivory,Duprey,70,4/15/1979,Female,616-925-6938,idupreykh@nba.com,263
739,693-36-0658,Chandler,Slyford,160,12/16/1916,Male,917-500-1870,cslyfordki@ihg.com,43
740,756-24-1988,Val,Windridge,215,1/31/1925,Female,163-362-7092,vwindridgekj@purevolume.com,211
741,858-07-9430,Sinclair,Hollyard,122,1/20/1975,Male,820-630-4274,shollyardkk@github.io,118
742,340-84-3294,Hally,Bonallack,282,11/1/2011,Female,590-191-3822,hbonallackkl@nature.com,58
743,630-70-7814,Ruby,Gilfoyle,234,7/23/1937,Male,440-662-4478,rgilfoylekm@pbs.org,64
744,171-87-4604,Robina,Edsall,136,7/24/1952,Female,410-547-6449,redsallkn@diigo.com,235
745,437-77-6339,Baxy,De Cristofalo,246,2/9/1914,Male,189-190-8434,bdecristofaloko@macromedia.com,119
746,504-18-2245,Leonardo,Wurz,71,3/5/1995,Genderqueer,182-408-3882,lwurzkp@cargocollective.com,276
747,717-91-6793,Anna,McClements,180,1/15/2000,Female,374-186-1936,amcclementskq@elpais.com,282
748,420-96-8615,Julieta,Ainsbury,249,2/9/2010,Female,879-270-3675,jainsburykr@shutterfly.com,30
749,235-86-3484,Emmaline,Crisford,53,3/2/1997,Female,960-944-5463,ecrisfordks@wufoo.com,96
750,207-70-3501,Hodge,Cornilleau,297,7/28/2009,Male,858-310-0280,hcornilleaukt@nytimes.com,79
751,887-86-7542,Amalie,Carefull,159,5/3/1971,Female,476-681-9471,acarefullku@zdnet.com,270
752,484-56-8997,Julius,Louden,239,10/24/1995,Agender,270-579-4572,jloudenkv@sphinn.com,291
753,856-89-4727,Leticia,Normavell,252,3/22/1951,Female,189-238-4072,lnormavellkw@scientificamerican.com,120
754,631-20-7077,Gard,Fain,297,10/21/1933,Male,322-235-7326,gfainkx@nature.com,261
755,255-01-5932,Rubin,Bryceson,47,3/17/2000,Male,364-857-0661,rbrycesonky@people.com.cn,182
756,496-73-0735,Dorine,Dyka,173,5/13/1995,Bigender,795-935-5403,ddykakz@springer.com,229
757,569-83-8216,Allan,Kilfedder,171,10/14/1968,Male,619-500-2399,akilfedderl0@deviantart.com,231
758,214-84-6397,Cynthie,Nansom,96,11/15/1966,Female,828-716-0241,cnansoml1@usatoday.com,108
759,433-54-7613,Allayne,Crips,155,3/20/2011,Male,262-599-4800,acripsl2@unicef.org,285
760,720-70-1124,Levy,Arran,86,2/26/1914,Bigender,926-935-5836,larranl3@whitehouse.gov,196
761,259-63-8355,Emmerich,Daid,269,1/15/2008,Male,416-188-8443,edaidl4@dedecms.com,210
762,433-13-0106,Caro,Jerram,164,11/29/1939,Female,145-903-1346,cjerraml5@canalblog.com,134
763,593-85-8714,Colleen,Nadin,104,1/28/1930,Female,342-149-6258,cnadinl6@yahoo.co.jp,62
764,246-55-2761,Amble,Revel,19,12/24/1944,Male,960-360-0942,arevell7@gizmodo.com,36
765,408-20-4424,Bernita,Cush,300,12/9/2010,Female,788-462-8038,bcushl8@wikimedia.org,126
766,808-48-5636,Bertrando,Levison,246,12/3/1980,Male,868-470-4612,blevisonl9@google.com.hk,135
767,313-61-7450,Griffie,Schlagtmans,89,11/8/1992,Male,522-592-8290,gschlagtmansla@bing.com,158
768,193-23-7135,Lucy,Capron,227,1/25/1945,Female,496-995-4050,lcapronlb@yolasite.com,38
769,510-77-1920,Van,Confait,54,12/24/1919,Female,170-493-0271,vconfaitlc@examiner.com,277
770,296-18-9560,Garner,Isted,166,3/29/2008,Male,403-826-4025,gistedld@dropbox.com,85
771,607-63-5206,Artemas,Hutchence,286,2/10/1975,Male,168-812-7782,ahutchencele@opensource.org,54
772,124-32-7768,Electra,Kirvin,228,5/16/1944,Female,982-856-6756,ekirvinlf@dell.com,112
773,839-27-0568,Tadio,Conachy,183,4/14/1902,Polygender,627-329-3936,tconachylg@addtoany.com,47
774,110-05-8504,Guilbert,Schwandt,203,9/30/2009,Bigender,946-912-6594,gschwandtlh@networksolutions.com,72
775,159-95-1591,Maurise,Cale,171,11/26/1976,Male,385-440-1446,mcaleli@prweb.com,5
776,126-95-0138,Gabriell,Semeradova,135,3/7/1978,Bigender,774-933-8636,gsemeradovalj@studiopress.com,214
777,338-44-7025,Robbin,Roswarne,275,4/6/1963,Female,952-312-4614,rroswarnelk@over-blog.com,185
778,189-13-3381,Pansie,Feeham,263,5/29/1908,Female,808-389-1290,pfeehamll@ehow.com,264
779,266-20-9663,Marie-jeanne,Hewins,54,4/11/1951,Female,821-284-6310,mhewinslm@squarespace.com,291
780,222-62-9906,Moise,Learoyde,256,3/10/1987,Male,479-827-6098,mlearoydeln@purevolume.com,285
781,294-84-4773,Hewitt,Blues,144,11/6/2008,Male,577-764-0406,hblueslo@icq.com,26
782,698-29-8432,Agace,Embling,161,10/12/1905,Female,307-296-3558,aemblinglp@infoseek.co.jp,292
783,514-41-4164,Saraann,De Brett,2,3/31/1989,Female,633-774-3518,sdebrettlq@baidu.com,267
784,841-58-3469,Emmit,Curnnok,296,12/4/2010,Non-binary,502-103-2039,ecurnnoklr@goo.gl,261
785,610-90-3889,Packston,Tollet,156,12/25/1907,Male,233-516-3769,ptolletls@yahoo.com,293
786,333-18-5558,Clea,Sparling,84,10/1/1978,Female,904-817-9995,csparlinglt@marriott.com,46
787,568-35-5531,Smith,Schenkel,59,9/8/1981,Male,238-818-5175,sschenkellu@indiatimes.com,28
788,190-38-8804,Kipper,Banyard,113,2/8/1949,Male,238-120-9094,kbanyardlv@angelfire.com,253
789,265-52-2614,Lissi,Durdy,300,5/1/1927,Female,351-876-5921,ldurdylw@163.com,86
790,653-12-2711,Mersey,Lowdyane,211,2/5/1999,Female,643-667-5131,mlowdyanelx@toplist.cz,287
791,139-79-1047,Hallie,Batten,259,3/13/1998,Female,525-473-1164,hbattenly@bandcamp.com,124
792,574-02-8132,Cory,Elwyn,200,4/2/1946,Female,302-244-5032,celwynlz@ucsd.edu,136
793,184-07-4767,Floria,Bawden,256,4/10/1996,Female,272-958-2087,fbawdenm0@mlb.com,21
794,703-87-8545,Merla,Pagitt,80,1/21/1937,Female,309-796-7385,mpagittm1@cargocollective.com,156
795,206-30-6315,Mart,Gamet,203,12/27/1958,Male,476-454-8784,mgametm2@cnet.com,117
796,707-99-1366,Leonardo,Gaye,156,6/12/1985,Genderqueer,261-859-4901,lgayem3@icq.com,175
797,670-72-9861,Walton,Bruhn,32,1/2/1918,Male,783-640-0666,wbruhnm4@acquirethisname.com,260
798,221-88-9539,Lynnelle,Corten,219,11/16/1927,Agender,465-203-1309,lcortenm5@over-blog.com,94
799,340-45-7907,Loydie,McClymont,244,12/31/1970,Male,615-977-9126,lmcclymontm6@wp.com,246
800,714-45-5643,Merle,McTrusty,54,12/21/1946,Bigender,127-508-2294,mmctrustym7@phpbb.com,148
801,569-58-4914,Jojo,Eddicott,153,5/4/1961,Female,145-391-2355,jeddicottm8@1und1.de,197
802,659-57-8306,Amargo,Woodcock,2,1/10/1955,Female,614-844-9437,awoodcockm9@amazonaws.com,209
803,735-40-3429,Camile,Trusler,16,1/16/1996,Female,240-120-1222,ctruslerma@hud.gov,63
804,873-62-9919,Zarah,Gimber,251,9/4/1931,Female,352-808-5873,zgimbermb@yahoo.co.jp,191
805,546-61-2320,Bruis,Kershaw,274,10/20/1905,Male,128-919-4263,bkershawmc@prnewswire.com,95
806,278-39-8383,Marjory,Keogh,130,12/19/1932,Female,875-837-9846,mkeoghmd@delicious.com,30
807,791-70-6119,Blakeley,Fairbridge,170,4/21/1917,Female,270-795-5793,bfairbridgeme@army.mil,253
808,601-61-5038,Devin,Bromley,268,5/17/1918,Male,630-137-8804,dbromleymf@xing.com,211
809,485-06-0665,Bryanty,Philipp,193,12/6/2005,Male,937-428-0177,bphilippmg@squidoo.com,29
810,362-89-7546,Agata,Issit,176,3/1/1955,Female,594-470-4215,aissitmh@ebay.co.uk,210
811,451-38-0709,Stafani,Riedel,69,6/20/2016,Female,257-475-7410,sriedelmi@sphinn.com,270
812,537-90-8606,Molli,Linfield,13,3/30/1970,Female,885-847-6632,mlinfieldmj@chronoengine.com,18
813,313-34-4694,Yves,Calvie,9,6/27/1970,Male,508-954-8877,ycalviemk@sina.com.cn,33
814,336-21-8163,Oren,Cooksley,92,10/11/1940,Male,434-147-2918,ocooksleyml@auda.org.au,239
815,174-65-2507,Blakelee,McGeouch,249,6/29/1995,Female,948-174-1732,bmcgeouchmm@craigslist.org,6
816,442-38-5444,Odette,Portchmouth,117,5/31/1902,Female,728-656-5177,oportchmouthmn@webnode.com,183
817,828-95-7612,Robers,Boissieux,71,4/14/1967,Genderqueer,708-742-4873,rboissieuxmo@delicious.com,294
818,527-80-2845,Iago,Kitchiner,79,3/2/1933,Male,653-705-4988,ikitchinermp@godaddy.com,227
819,126-74-7161,Obie,Wrate,191,6/15/1923,Polygender,786-402-0921,owratemq@chicagotribune.com,158
820,820-84-6917,Daffie,Danilovich,234,9/4/1939,Female,142-305-3429,ddanilovichmr@cmu.edu,95
821,318-67-7182,Petr,Restieaux,196,10/13/1982,Male,952-756-2247,prestieauxms@skype.com,169
822,643-05-7163,Catlaina,Mc Coughan,155,9/19/1971,Female,692-539-3105,cmccoughanmt@economist.com,43
823,714-06-1522,Sara,Vynehall,221,9/22/1980,Female,747-121-1196,svynehallmu@geocities.com,171
824,636-54-4542,Chic,Lammers,84,10/25/1918,Male,789-376-6861,clammersmv@eepurl.com,5
825,335-21-1720,Lemmy,Richard,178,12/7/1932,Male,708-419-5192,lrichardmw@cam.ac.uk,240
826,882-51-4897,Bond,Vinick,24,6/24/2020,Non-binary,833-340-0889,bvinickmx@vk.com,107
827,208-23-0543,Pippo,Skittles,47,9/26/2007,Male,720-529-1131,pskittlesmy@usda.gov,155
828,230-14-6347,Neddie,Cargon,27,11/18/1946,Male,881-183-5026,ncargonmz@fda.gov,22
829,789-40-5170,Hermina,Van der Hoeven,92,3/29/1956,Female,462-933-2463,hvanderhoevenn0@ycombinator.com,270
830,507-16-1591,Nicholas,Tetla,191,6/9/1943,Male,326-911-9666,ntetlan1@businesswire.com,262
831,525-12-9713,Tansy,Sharples,4,10/14/2002,Non-binary,421-264-6247,tsharplesn2@bloglines.com,250
832,806-18-5105,Engelbert,Markushkin,177,8/30/1993,Male,118-200-2709,emarkushkinn3@utexas.edu,124
833,425-96-8685,Rani,Cheetam,187,1/31/1900,Female,412-735-2081,rcheetamn4@sakura.ne.jp,235
834,212-14-3399,Klemens,MacMichael,11,8/4/1983,Non-binary,533-277-3536,kmacmichaeln5@hibu.com,51
835,202-08-5140,Scarlet,Piesold,249,6/15/1982,Female,333-632-4823,spiesoldn6@psu.edu,124
836,279-95-8508,Lona,Gasking,152,8/1/1946,Female,290-256-1110,lgaskingn7@harvard.edu,225
837,351-18-1986,Lorne,Inston,108,5/1/2000,Male,300-671-9505,linstonn8@dion.ne.jp,188
838,529-15-6749,Caitlin,Mitchard,150,9/29/1909,Female,542-729-1581,cmitchardn9@yandex.ru,87
839,282-12-4068,Lyssa,Baldrick,243,4/5/1941,Female,949-222-6950,lbaldrickna@eventbrite.com,84
840,587-40-3457,Maurizio,Wallis,117,4/25/2009,Non-binary,735-284-4418,mwallisnb@storify.com,123
841,706-49-3252,Bartlett,Bleddon,92,6/8/1993,Male,670-818-6194,bbleddonnc@issuu.com,75
842,261-69-3885,Randene,Dyte,103,8/24/1952,Female,746-702-7662,rdytend@odnoklassniki.ru,137
843,422-45-4855,Hubie,Meekings,37,5/10/2013,Male,436-276-7990,hmeekingsne@typepad.com,178
844,316-70-8829,Corey,Faustin,2,7/17/2017,Male,824-389-9461,cfaustinnf@indiegogo.com,166
845,794-80-9614,Malcolm,Larkings,63,3/10/1978,Male,440-681-1680,mlarkingsng@topsy.com,250
846,713-93-0509,Henry,Sharplin,194,6/3/1974,Male,576-258-5962,hsharplinnh@360.cn,81
847,326-24-7883,Dom,Rutledge,155,8/27/1909,Male,921-206-0220,drutledgeni@free.fr,267
848,677-71-2864,Weylin,Skittle,273,5/18/1919,Male,786-771-3194,wskittlenj@about.me,167
849,782-31-3381,Justen,Shah,242,10/9/1994,Male,292-922-2573,jshahnk@blogger.com,269
850,284-64-5750,Sawyere,Proppers,22,7/12/1969,Male,454-461-1741,sproppersnl@twitter.com,38
851,686-24-0636,Trey,Hartell,40,6/18/2011,Male,442-604-2655,thartellnm@ask.com,23
852,304-93-7619,Beitris,Muckeen,300,11/23/1995,Female,272-529-0215,bmuckeennn@ebay.co.uk,193
853,509-38-5894,Emogene,Hammerberg,189,3/12/1941,Female,451-774-8237,ehammerbergno@foxnews.com,90
854,223-31-3563,Brigham,Maskelyne,219,5/18/2005,Male,560-472-7594,bmaskelynenp@so-net.ne.jp,132
855,608-15-6744,Millie,Tredgold,50,9/13/2016,Genderqueer,221-743-9485,mtredgoldnq@tiny.cc,13
856,804-17-4161,Gilberta,Leversha,192,3/22/1920,Agender,646-508-7965,glevershanr@statcounter.com,216
857,704-14-9053,Bondon,Sargint,65,11/18/2016,Male,604-497-1432,bsargintns@artisteer.com,161
858,862-25-1810,Ben,Fenn,74,1/13/1960,Male,772-661-9013,bfennnt@psu.edu,220
859,236-88-3889,Leonardo,Cockney,152,1/2/2005,Male,383-324-3264,lcockneynu@pinterest.com,275
860,474-56-5395,Megen,Rozycki,199,10/16/1994,Female,108-947-7862,mrozyckinv@wiley.com,39
861,809-99-1950,Natty,Adriani,200,6/23/1906,Female,829-983-0377,nadrianinw@java.com,145
862,849-68-3082,Verney,Edgley,69,2/15/1900,Male,442-526-5568,vedgleynx@arizona.edu,260
863,803-87-8625,Thomasin,Garken,112,1/5/1906,Female,784-272-1065,tgarkenny@weebly.com,217
864,734-63-1598,Howie,Crowther,105,5/31/2015,Male,246-379-7902,hcrowthernz@wikispaces.com,225
865,304-35-2120,Danell,Grassot,146,11/5/1905,Female,442-911-2105,dgrassoto0@live.com,78
866,601-36-5295,Alisa,Whitebread,84,12/19/1943,Female,173-507-2662,awhitebreado1@yale.edu,10
867,127-26-4154,Ardine,Baldry,141,12/14/2009,Female,503-297-8970,abaldryo2@123-reg.co.uk,271
868,856-07-1378,Dorotea,Domney,111,3/12/1930,Female,548-276-8687,ddomneyo3@stumbleupon.com,142
869,427-41-9271,Elisa,Ecclestone,189,9/26/1990,Female,452-958-9728,eecclestoneo4@npr.org,211
870,479-67-9417,Salomon,Iffe,1,11/18/1961,Male,891-397-8921,siffeo5@homestead.com,215
871,490-52-3650,Clarinda,Phillpotts,64,10/10/1908,Female,961-366-6688,cphillpottso6@ovh.net,71
872,310-29-1918,Brunhilda,Caunce,95,3/9/1969,Female,297-936-8309,bcaunceo7@ucla.edu,66
873,304-49-6136,Danielle,Toolin,282,5/10/2017,Female,884-661-5616,dtoolino8@stanford.edu,60
874,752-19-1248,Darill,Biddiss,35,7/19/1902,Male,982-883-0185,dbiddisso9@ezinearticles.com,261
875,415-99-4105,Mamie,Jindrak,255,10/16/1954,Female,989-380-0580,mjindrakoa@rambler.ru,181
876,783-54-5873,Tricia,Basindale,266,1/19/1930,Female,150-455-6746,tbasindaleob@ow.ly,54
877,179-20-4526,Nerta,Blondel,182,12/21/1973,Bigender,521-525-9924,nblondeloc@ycombinator.com,20
878,437-09-6568,Simeon,Wannop,209,3/11/1993,Male,586-697-8127,swannopod@ucsd.edu,80
879,771-84-6482,Ernst,Galer,198,6/13/1986,Male,279-631-9914,egaleroe@cdbaby.com,241
880,582-34-1540,Valma,Ateggart,33,4/6/1946,Female,593-377-9299,vateggartof@princeton.edu,34
881,670-87-1817,Cassondra,Pickance,26,5/17/1987,Genderqueer,880-112-8803,cpickanceog@ezinearticles.com,122
882,740-81-0001,Audi,Wollacott,193,8/17/1934,Female,284-697-2255,awollacottoh@icq.com,94
883,210-52-5676,Garrott,Middiff,21,12/14/2015,Male,302-925-6934,gmiddiffoi@rakuten.co.jp,83
884,217-49-7688,Theo,Pepye,9,11/12/1990,Female,455-445-0123,tpepyeoj@techcrunch.com,9
885,782-01-1743,Pamelina,Canet,10,7/18/1965,Female,184-269-0605,pcanetok@fema.gov,181
886,249-65-8120,Cece,Bembrick,162,6/11/1976,Male,569-301-7744,cbembrickol@telegraph.co.uk,251
887,460-52-8394,Estell,Harby,161,1/27/1979,Female,850-686-6863,eharbyom@edublogs.org,41
888,505-42-7228,Rosaline,Matyugin,25,4/1/1963,Female,680-261-9808,rmatyuginon@go.com,12
889,191-92-5171,June,Perassi,55,11/24/1901,Female,498-689-1041,jperassioo@newsvine.com,223
890,227-38-7068,Clint,Baythorp,242,2/23/1951,Male,225-793-0966,cbaythorpop@joomla.org,109
891,452-70-2868,Tulley,Welbrock,181,8/4/2005,Male,829-647-4535,twelbrockoq@livejournal.com,74
892,677-32-5025,Durant,Benoy,67,6/12/1963,Male,902-687-2362,dbenoyor@pagesperso-orange.fr,216
893,516-80-1461,Maurie,Witherup,267,3/28/1961,Male,190-799-3377,mwitherupos@salon.com,111
894,617-48-9292,Shepard,Liddall,69,10/13/2016,Male,837-101-4181,sliddallot@netlog.com,118
895,302-23-8450,Emmie,Calbrathe,136,12/4/1956,Genderfluid,206-787-0314,ecalbratheou@liveinternet.ru,130
896,843-18-2785,Farrel,Ezzle,162,10/6/1900,Non-binary,761-868-5847,fezzleov@illinois.edu,107
897,218-15-6566,Deana,Stollman,38,2/23/1963,Female,608-654-0705,dstollmanow@amazonaws.com,188
898,367-15-1847,Marena,Denys,116,9/27/1916,Female,825-788-7870,mdenysox@networksolutions.com,87
899,506-63-5548,Virginia,Pesak,162,3/6/1934,Female,499-989-0238,vpesakoy@bbb.org,59
900,815-88-3972,Greggory,Malec,230,1/18/1949,Male,130-133-4672,gmalecoz@yellowpages.com,128
901,719-91-1209,Marylou,Jeffress,136,4/11/2012,Genderfluid,853-284-1419,mjeffressp0@springer.com,103
902,791-69-0760,Dollie,Gerlts,142,9/1/1993,Female,756-618-5595,dgerltsp1@forbes.com,7
903,232-43-3677,Finley,Benedettini,199,7/31/1943,Male,865-825-2945,fbenedettinip2@accuweather.com,194
904,601-97-6613,Marietta,Stivers,181,5/12/2007,Male,684-757-9070,mstiversp3@google.es,179
905,418-75-2981,Opaline,Kneesha,221,6/29/1996,Female,158-833-6062,okneeshap4@wp.com,194
906,838-90-6003,Reid,Wickardt,176,8/28/1955,Male,747-248-8719,rwickardtp5@miitbeian.gov.cn,46
907,724-28-5143,Honey,Konmann,244,11/30/1902,Female,168-938-0767,hkonmannp6@army.mil,62
908,479-45-5338,Tandy,Rafter,39,7/22/1984,Female,234-267-5254,trafterp7@noaa.gov,251
909,890-60-3349,Sonja,Ulster,103,7/26/2013,Female,695-143-7495,sulsterp8@clickbank.net,59
910,668-22-7347,Ailsun,Skures,224,10/7/1920,Female,740-786-9585,askuresp9@de.vu,289
911,168-74-7071,Kim,Aharoni,129,2/29/1992,Male,449-549-6370,kaharonipa@arizona.edu,156
912,205-91-9904,Lissie,Loutheane,146,10/30/1995,Female,319-852-1520,lloutheanepb@seesaa.net,30
913,341-84-3545,Brooke,Hellier,138,11/22/1935,Male,720-941-4500,bhellierpc@ed.gov,175
914,588-47-4502,Vasilis,Drowsfield,201,9/14/1928,Male,537-487-8023,vdrowsfieldpd@blog.com,127
915,349-94-5059,Otes,McFayden,281,3/18/2001,Male,703-728-7154,omcfaydenpe@wordpress.com,105
916,693-74-7358,Darnell,Howell,212,11/4/1910,Male,911-663-5887,dhowellpf@hc360.com,151
917,191-60-6879,Chalmers,Dumberrill,256,3/27/1910,Male,730-547-2228,cdumberrillpg@phoca.cz,252
918,193-50-2500,Edy,Meric,296,6/11/1975,Female,208-779-4487,emericph@prlog.org,253
919,466-97-1728,Jim,Hinckesman,80,7/31/1915,Male,972-118-9246,jhinckesmanpi@a8.net,200
920,306-78-1580,Clair,Doog,184,3/28/1966,Male,898-433-4512,cdoogpj@army.mil,223
921,127-73-9845,Dav,Blaby,261,12/9/1965,Male,947-289-1049,dblabypk@state.gov,57
922,802-53-5835,Alic,Piotrowski,105,2/2/1951,Male,656-203-7831,apiotrowskipl@prnewswire.com,95
923,385-90-2902,Noni,Ormes,69,9/6/2004,Female,382-559-1179,normespm@pagesperso-orange.fr,51
924,406-03-7754,Daveen,Hall-Gough,46,10/20/1971,Female,216-748-9103,dhallgoughpn@tmall.com,171
925,780-98-1810,Florry,Dufaur,165,2/24/1973,Female,231-884-3807,fdufaurpo@blogger.com,125
926,438-48-8746,Jock,Craft,23,6/11/1908,Male,981-448-3342,jcraftpp@netscape.com,78
927,621-46-4668,Igor,Rusbridge,62,8/17/1909,Male,197-985-7265,irusbridgepq@etsy.com,30
928,795-50-3311,Phylis,Codron,173,4/26/1969,Bigender,713-711-1729,pcodronpr@amazon.co.jp,273
929,894-13-2168,Boonie,Blum,114,4/5/1920,Male,867-878-8380,bblumps@forbes.com,176
930,573-22-1443,Gracie,Mulholland,199,2/16/1981,Female,108-167-5251,gmulhollandpt@dell.com,292
931,185-60-6742,Elia,Gerardin,131,8/1/1967,Male,276-169-8399,egerardinpu@dropbox.com,95
932,146-47-9936,Trish,McAvinchey,277,12/10/1924,Agender,185-171-0089,tmcavincheypv@comsenz.com,254
933,231-30-6548,Tommy,Petracchi,137,3/7/1978,Male,157-711-7448,tpetracchipw@ftc.gov,167
934,172-05-9926,Benton,Legen,154,12/21/1986,Polygender,156-151-3894,blegenpx@answers.com,208
935,627-58-2548,Eada,Beston,212,1/10/1916,Bigender,697-605-2475,ebestonpy@wp.com,113
936,671-89-2001,Mischa,Cowerd,243,11/17/1988,Male,755-628-6725,mcowerdpz@vimeo.com,272
937,404-26-3880,Brnaby,Skyme,119,9/8/1998,Male,600-639-2228,bskymeq0@bigcartel.com,60
938,457-29-8884,Melvin,Milam,248,10/7/1927,Male,346-297-3979,mmilamq1@ovh.net,231
939,241-81-9022,Moss,Lenchenko,183,11/1/1947,Male,751-744-8004,mlenchenkoq2@tuttocitta.it,76
940,624-38-9467,Gothart,Ramsby,237,5/3/2006,Male,689-878-4694,gramsbyq3@feedburner.com,18
941,210-30-4873,Julee,Cardenoso,168,9/25/1932,Female,209-729-8996,jcardenosoq4@archive.org,154
942,856-47-0319,Alvinia,Beiderbeck,32,9/19/1954,Genderqueer,628-746-0054,abeiderbeckq5@ibm.com,121
943,480-71-7131,Scott,Kydde,95,8/4/2006,Male,851-552-2852,skyddeq6@nhs.uk,68
944,865-52-0071,Hendrick,Greasley,155,1/18/1904,Male,707-799-2434,hgreasleyq7@dropbox.com,261
945,820-11-7649,Pearle,Jerg,26,5/14/1999,Female,314-368-7349,pjergq8@edublogs.org,53
946,490-64-6190,Veronique,Paye,201,9/30/1924,Female,178-377-3330,vpayeq9@npr.org,298
947,501-03-9847,Rolfe,Stag,31,1/13/1905,Male,405-568-4931,rstagqa@furl.net,73
948,351-52-1585,Virgie,Pywell,139,1/9/1971,Male,559-541-6811,vpywellqb@flavors.me,22
949,254-85-8935,Der,Cass,132,1/26/1994,Male,860-543-6917,dcassqc@cisco.com,37
950,434-44-2572,Timmy,Linch,82,5/22/2018,Male,362-297-7643,tlinchqd@pinterest.com,118
951,813-33-4026,Catlin,Smallsman,286,6/22/2007,Female,455-577-1512,csmallsmanqe@ucoz.com,129
952,413-41-8876,Susanne,Mcettrick,176,7/7/1997,Female,618-624-8702,smcettrickqf@rambler.ru,166
953,599-34-2308,Julieta,Kemmett,99,10/25/1977,Female,246-234-7027,jkemmettqg@disqus.com,86
954,520-48-9657,Krissie,McElwee,42,6/25/1957,Female,627-351-2484,kmcelweeqh@mac.com,281
955,797-18-1156,Irwinn,Staker,141,3/31/1952,Male,326-982-3259,istakerqi@github.io,211
956,368-39-8027,Bucky,Kilborn,239,7/14/1978,Male,758-132-0200,bkilbornqj@cisco.com,298
957,228-56-8726,Elisha,Roper,52,9/17/1922,Female,316-757-0933,eroperqk@senate.gov,258
958,355-17-1908,Vaughn,Grioli,122,4/19/1958,Male,919-574-5673,vgrioliql@webmd.com,125
959,567-89-7345,Vonni,Mashal,55,6/1/1910,Female,104-155-8943,vmashalqm@toplist.cz,40
960,409-62-9641,Fields,Fick,287,5/10/1938,Male,289-753-5255,ffickqn@ucsd.edu,124
961,485-67-3619,Shaine,Potter,243,5/13/1919,Male,329-299-7709,spotterqo@techcrunch.com,37
962,467-74-3468,Gabriel,Roddell,184,11/16/1977,Bigender,916-104-5735,groddellqp@1und1.de,60
963,536-09-8900,Malorie,McIlveen,47,6/9/1928,Female,871-253-1533,mmcilveenqq@1688.com,17
964,510-84-9464,Monro,Castiglio,166,12/3/1985,Male,390-466-6496,mcastiglioqr@smh.com.au,228
965,809-71-2373,Ive,Alibone,131,8/14/2000,Male,259-388-7215,ialiboneqs@paypal.com,95
966,344-86-0934,Earle,Gaylard,236,8/22/1987,Male,155-664-5582,egaylardqt@flickr.com,29
967,750-60-6282,Arvin,Godlee,256,7/13/1929,Male,784-261-5500,agodleequ@hc360.com,209
968,390-74-4918,Christie,Oxborrow,68,7/15/1909,Male,857-871-9810,coxborrowqv@dot.gov,120
969,452-63-1283,Josefina,Drayton,200,4/3/2001,Female,966-171-2819,jdraytonqw@harvard.edu,262
970,151-50-4009,Agnesse,Howett,142,4/16/1935,Agender,875-820-3238,ahowettqx@pinterest.com,81
971,845-61-9861,Morse,Masterman,152,11/18/1964,Male,511-709-4749,mmastermanqy@altervista.org,215
972,558-67-2775,Stephen,Lindenfeld,160,7/28/2010,Male,496-467-4815,slindenfeldqz@google.fr,130
973,296-74-2310,Braden,Harrold,221,10/11/2019,Male,585-797-6635,bharroldr0@zimbio.com,134
974,116-61-2645,Spike,Gumly,44,10/25/1985,Male,175-758-4484,sgumlyr1@mysql.com,225
975,316-08-5023,Anna-maria,McIlvenny,139,1/27/1923,Female,662-455-3437,amcilvennyr2@google.ca,234
976,207-88-0702,Missy,Hallan,87,2/26/1963,Female,697-907-1651,mhallanr3@adobe.com,223
977,367-90-2173,Shandee,de Najera,155,7/1/1908,Female,673-669-7509,sdenajerar4@home.pl,285
978,759-87-3376,Eirena,Lindsell,290,12/23/1961,Female,957-708-0631,elindsellr5@reuters.com,216
979,491-11-8450,Kennith,Ortiga,125,1/6/1922,Male,601-872-2770,kortigar6@accuweather.com,136
980,429-08-6326,Carree,De Bruyn,232,7/22/1958,Polygender,569-701-4471,cdebruynr7@goo.gl,39
981,615-69-5522,Anthiathia,Jervis,86,11/4/1991,Female,145-483-5491,ajervisr8@netvibes.com,23
982,546-79-2211,Brod,Tiebe,294,10/2/1932,Male,532-298-4408,btieber9@multiply.com,3
983,720-42-8029,Deva,Duval,92,8/4/2004,Female,993-178-7746,dduvalra@spiegel.de,206
984,703-08-8937,Luciano,Yurasov,162,5/3/2009,Male,285-919-3233,lyurasovrb@google.it,83
985,715-60-7164,Dena,De Angelis,154,9/9/1996,Female,988-805-1202,ddeangelisrc@yahoo.com,199
986,548-81-2491,Nicolle,McKern,283,5/1/1902,Female,850-488-2539,nmckernrd@alibaba.com,248
987,773-93-1348,Mimi,Probin,176,7/16/1934,Genderfluid,274-372-9016,mprobinre@51.la,166
988,464-47-8937,Brenn,Gorey,185,4/6/2017,Female,730-641-3527,bgoreyrf@ucsd.edu,33
989,678-10-1305,Benedicto,Ratnage,294,10/20/2001,Male,228-679-7564,bratnagerg@t.co,257
990,472-09-8019,Valentijn,Sellick,235,12/7/1924,Male,745-371-8446,vsellickrh@google.ru,293
991,116-86-6346,Fabian,Scargle,20,4/5/1928,Genderfluid,814-728-8187,fscargleri@time.com,105
992,397-44-0010,Lee,Denness,282,3/7/2001,Male,650-870-8104,ldennessrj@alexa.com,180
993,875-76-3936,Kennie,Wogan,166,2/23/1905,Male,971-351-7024,kwoganrk@icq.com,72
994,443-51-4707,Ashby,Arton,33,9/24/2007,Male,217-431-1249,aartonrl@nymag.com,86
995,522-98-5019,Milo,Learman,204,12/13/1907,Polygender,548-854-4358,mlearmanrm@tripod.com,292
996,159-27-0737,Ring,Gregor,94,6/14/1909,Male,444-226-3744,rgregorrn@deviantart.com,281
997,604-81-0622,Teddy,Jenckes,137,9/19/1985,Female,307-763-0378,tjenckesro@surveymonkey.com,287
998,497-07-6053,Camila,Dunbar,42,1/18/1911,Female,543-331-7363,cdunbarrp@house.gov,24
999,209-75-3353,Darnall,Baylay,191,8/27/1985,Male,919-487-7460,dbaylayrq@dell.com,135
1000,886-32-7413,Ichabod,Clemmens,67,8/10/1903,Male,674-377-5770,iclemmensrr@google.ru,287
