ID,SSN,First_Name,Last_Name,Insurance_ID,Date_Of_Birth,Sex,Phone_Number,Email,Key_ID
1,238-55-6602,Roxane,Speedin,853,6/5/1998,Female,367-203-5543,rspeedin0@canalblog.com,16
2,530-69-6800,Gabriela,MacGray,534,11/27/1935,Female,972-423-6113,gmacgray1@ezinearticles.com,9
3,151-61-3390,Michel,Vardie,525,11/24/1910,Female,293-506-8724,mvardie2@economist.com,146
4,375-34-8073,Ernesto,Bianco,861,4/17/1942,Male,739-467-6245,ebianco3@homestead.com,2
5,584-26-2131,Vanya,McGettigan,199,4/5/1922,Female,602-290-6361,vmcgettigan4@xinhuanet.com,163
6,330-56-3284,Jandy,Yorkston,185,3/24/2018,Female,793-528-7324,jyorkston5@mediafire.com,5
7,162-80-3343,Garrek,Fresson,954,5/15/1978,Male,172-144-4883,gfresson6@ihg.com,27
8,198-24-1880,Rogerio,Cooch,159,10/3/1979,Male,504-913-5860,rcooch7@scribd.com,184
9,882-08-7398,Hallie,Robelet,335,10/5/2005,Female,624-837-4028,hrobelet8@pcworld.com,140
10,484-26-4571,Sabra,Kneeland,308,5/7/1992,Female,711-735-1577,skneeland9@addtoany.com,174
11,739-64-5264,Marris,McDarmid,743,11/21/2008,Female,928-238-8246,mmcdarmida@globo.com,100
12,741-84-7004,Bobbe,Scarlon,1000,10/23/1908,Female,938-805-8333,bscarlonb@techcrunch.com,39
13,618-68-5313,Sasha,Wharin,701,2/27/1981,Male,290-558-6338,swharinc@sfgate.com,13
14,658-29-4802,Waylan,De Francesco,864,3/29/1922,Male,863-656-9375,wdefrancescod@sun.com,121
15,595-66-8664,Ddene,Shawyer,843,1/20/1906,Female,825-336-6677,dshawyere@rakuten.co.jp,5
16,370-74-6007,Thibaut,Farrent,582,8/8/2000,Male,817-367-3279,tfarrentf@cdc.gov,49
17,449-30-5758,Karlens,Pleven,630,11/19/1994,Bigender,225-371-6598,kpleveng@amazon.com,141
18,434-98-0770,Eben,Kealey,435,12/28/1923,Male,152-786-9591,ekealeyh@desdev.cn,83
19,658-32-9573,Finlay,Brimner,90,8/7/1981,Male,422-461-7503,fbrimneri@technorati.com,122
20,422-69-9978,Morley,Bythell,76,5/3/2004,Male,936-263-7964,mbythellj@yolasite.com,171
21,528-54-4735,Ives,Spelwood,245,10/25/1940,Non-binary,973-119-0890,ispelwoodk@gizmodo.com,156
22,764-67-9754,Emmalynn,Emes,284,11/18/2013,Female,985-909-2009,eemesl@chicagotribune.com,98
23,487-40-3917,Elvis,Zmitruk,119,9/5/1977,Male,926-868-3380,ezmitrukm@economist.com,178
24,582-26-6891,Sileas,Meas,980,6/25/1933,Polygender,769-886-5533,smeasn@redcross.org,186
25,415-52-6086,Jocko,Verbrugge,670,6/23/2023,Male,469-828-4895,jverbruggeo@samsung.com,7
26,896-08-9452,Moira,Thomesson,900,4/8/2014,Female,788-740-2808,mthomessonp@bluehost.com,21
27,524-03-9946,Kelcie,Joiris,330,2/20/1936,Female,971-694-5043,kjoirisq@irs.gov,9
28,561-19-9682,Gerome,Welband,239,3/12/1959,Male,374-406-5290,gwelbandr@spiegel.de,69
29,105-69-2576,Evita,Thornton-Dewhirst,963,2/26/2009,Female,348-745-3198,ethorntondewhirsts@last.fm,144
30,471-80-2384,Terrie,McConnachie,292,11/22/1928,Female,650-996-6162,tmcconnachiet@economist.com,58
31,513-70-2058,Westley,Geraldez,634,3/14/1973,Bigender,315-529-5739,wgeraldezu@surveymonkey.com,110
32,130-45-9888,Bennie,Rijkeseis,369,7/15/1917,Female,190-674-4886,brijkeseisv@g.co,46
33,553-37-6188,Rachael,Greenman,205,2/8/2010,Female,356-473-2181,rgreenmanw@netlog.com,178
34,220-40-5469,Howey,Blackshaw,212,8/8/1948,Male,681-525-7666,hblackshawx@pagesperso-orange.fr,177
35,147-27-3971,My,Inworth,602,3/9/1949,Male,840-736-5439,minworthy@amazon.co.jp,115
36,541-10-9225,Noelyn,Presman,759,11/15/2008,Female,265-736-2861,npresmanz@si.edu,164
37,615-36-0639,Trudie,Aldhouse,463,8/9/1991,Female,818-971-0369,taldhouse10@tinyurl.com,120
38,483-66-8822,Libby,Matthai,47,7/8/1953,Female,343-609-0796,lmatthai11@ovh.net,97
39,456-93-7141,Elke,Charlo,599,5/18/2021,Female,241-319-6933,echarlo12@sohu.com,68
40,595-25-8074,Devondra,Salerno,898,8/1/1931,Female,748-919-6403,dsalerno13@arizona.edu,185
41,319-47-8168,Gena,Lomb,225,6/13/1979,Non-binary,849-214-0197,glomb14@amazon.co.jp,96
42,897-30-9098,Deeyn,Rolfe,261,8/10/2019,Female,641-639-2030,drolfe15@posterous.com,198
43,136-60-3918,Allie,Harberer,38,7/14/1995,Female,135-404-7327,aharberer16@usda.gov,95
44,763-40-0666,Roslyn,Voase,403,10/30/2023,Female,362-363-8536,rvoase17@istockphoto.com,63
45,880-88-6250,Papagena,Humpherston,668,3/10/1975,Female,471-992-6935,phumpherston18@nytimes.com,14
46,690-71-9080,Colline,Hartless,619,7/27/2004,Female,972-718-3468,chartless19@technorati.com,120
47,103-54-4302,Maxi,Jozwicki,190,3/24/2017,Non-binary,153-732-4934,mjozwicki1a@usnews.com,66
48,356-07-6466,Eugine,Leckenby,841,9/14/1968,Female,814-229-3039,eleckenby1b@networkadvertising.org,94
49,676-83-9399,Elana,Prisk,8,8/24/2022,Female,849-258-0972,eprisk1c@wufoo.com,116
50,258-69-7760,Avrit,Eteen,977,7/19/1980,Female,995-735-0437,aeteen1d@topsy.com,34
51,798-88-2211,Kristoffer,Grellier,661,2/17/1901,Non-binary,622-311-1320,kgrellier1e@behance.net,63
52,888-10-0672,Gretchen,Scrivinor,487,6/9/1964,Female,100-639-6068,gscrivinor1f@usnews.com,102
53,536-85-3113,Brenna,Blueman,593,8/5/1996,Female,861-122-5814,bblueman1g@uol.com.br,114
54,447-58-8138,Gan,Spenton,17,10/10/1916,Male,523-813-6496,gspenton1h@ezinearticles.com,146
55,818-12-2595,Merl,Witherow,944,12/21/1936,Female,416-754-9813,mwitherow1i@wikipedia.org,64
56,496-88-0233,Jedediah,Yepiskov,535,10/28/1958,Male,789-656-1612,jyepiskov1j@soundcloud.com,60
57,153-84-7613,Vivia,MacGahey,601,5/16/2013,Female,188-232-4559,vmacgahey1k@kickstarter.com,80
58,836-05-6524,Lyman,Ilem,624,8/29/2011,Male,347-116-4637,lilem1l@vk.com,70
59,134-27-3674,Hagen,Gillopp,517,12/29/1917,Male,754-810-7158,hgillopp1m@utexas.edu,156
60,465-70-7331,Ric,Benstead,474,6/1/1921,Male,567-269-0724,rbenstead1n@purevolume.com,179
61,292-37-1467,Danny,Wickie,502,3/19/1906,Female,576-911-3362,dwickie1o@addthis.com,173
62,494-06-4109,Linn,Swede,30,12/31/2023,Female,367-445-4258,lswede1p@weibo.com,154
63,333-25-6309,Nyssa,Lingley,542,12/23/1980,Female,149-635-2203,nlingley1q@smh.com.au,29
64,230-66-6853,Reece,Keizman,536,5/30/1991,Male,976-768-9343,rkeizman1r@kickstarter.com,129
65,682-17-6525,Sue,Eakin,785,3/24/1984,Female,366-329-2376,seakin1s@slashdot.org,107
66,178-24-1504,Constantia,Romanini,788,3/23/1957,Female,619-124-4068,cromanini1t@indiegogo.com,132
67,205-02-9984,Lyndsey,Jancic,784,12/12/1932,Female,521-228-2065,ljancic1u@cisco.com,90
68,311-73-7213,Allison,Pods,765,11/21/1913,Female,935-260-4704,apods1v@dyndns.org,17
69,366-26-3317,Kelbee,Lansley,909,4/22/2017,Male,850-659-4064,klansley1w@domainmarket.com,131
70,290-97-7067,Jeannie,Balme,66,3/11/1934,Female,503-368-5459,jbalme1x@themeforest.net,83
71,224-06-0757,Willetta,Swanbourne,779,10/18/1997,Female,504-874-7997,wswanbourne1y@booking.com,154
72,718-11-9389,Trumann,Lowndes,813,6/1/1965,Male,369-773-5002,tlowndes1z@pinterest.com,177
73,197-54-6065,Ethe,Trewinnard,690,3/17/1909,Male,847-430-8228,etrewinnard20@squidoo.com,143
74,304-47-6373,Cyrillus,Itzakovitz,44,11/1/1910,Genderfluid,602-795-9689,citzakovitz21@indiegogo.com,166
75,554-81-5933,Ludvig,Renner,499,6/7/1988,Male,104-230-5347,lrenner22@guardian.co.uk,197
76,549-06-8601,Joycelin,Staddart,923,8/14/1902,Female,699-193-5727,jstaddart23@alibaba.com,184
77,144-49-0757,Tomasina,Lahrs,280,9/29/1908,Female,197-102-7738,tlahrs24@bluehost.com,145
78,626-65-6864,Debbie,Hugett,987,12/17/1910,Polygender,447-485-3108,dhugett25@walmart.com,195
79,589-90-4035,Mirella,Du Fray,341,5/20/1975,Female,380-707-0914,mdufray26@wix.com,179
80,236-42-9525,Beauregard,Elsop,610,9/10/2018,Male,743-830-9410,belsop27@elpais.com,16
81,800-56-2844,Ketti,Donson,440,2/14/1959,Genderfluid,589-113-4813,kdonson28@instagram.com,159
82,529-12-2728,Thedric,Bailiss,148,3/21/1913,Male,349-446-8948,tbailiss29@joomla.org,160
83,624-44-5286,Evelyn,Preble,518,10/9/1932,Male,157-704-6779,epreble2a@mysql.com,114
84,485-30-1113,Damon,Taggart,194,10/30/1963,Male,929-872-9614,dtaggart2b@noaa.gov,23
85,815-38-4168,Cindelyn,Vickar,744,3/8/1952,Female,431-208-8880,cvickar2c@amazon.com,164
86,250-15-0736,Manny,Rowell,725,1/30/1956,Male,255-851-2597,mrowell2d@com.com,132
87,833-53-5836,Matthew,Demeter,347,9/1/1932,Male,465-134-9626,mdemeter2e@ihg.com,83
88,584-60-0945,Amalle,Sheering,592,3/25/1915,Bigender,421-951-4136,asheering2f@fastcompany.com,103
89,337-95-4646,Brena,Roft,232,6/23/1928,Female,727-725-2894,broft2g@bbc.co.uk,57
90,179-44-5530,Corabella,Teasell,376,11/20/1977,Female,688-529-7182,cteasell2h@go.com,72
91,896-70-8497,Malvin,Creek,640,6/9/1974,Male,208-240-4325,mcreek2i@vistaprint.com,60
92,357-04-9108,Vanna,Lindeboom,949,4/6/1945,Female,462-619-2070,vlindeboom2j@diigo.com,148
93,763-08-9506,Sunny,Roantree,654,2/18/1918,Female,614-661-6186,sroantree2k@vistaprint.com,99
94,529-02-2067,Karena,Meni,811,1/21/1935,Female,660-984-7867,kmeni2l@deviantart.com,59
95,594-94-6691,Alfonso,MacGaughey,375,2/5/1927,Male,126-858-2830,amacgaughey2m@cafepress.com,115
96,283-73-6972,Mike,Ruddle,272,7/9/2016,Male,880-695-7132,mruddle2n@yahoo.co.jp,36
97,400-88-7434,Jerrilee,Jadczak,929,7/30/1953,Female,728-859-8611,jjadczak2o@imdb.com,131
98,489-38-4383,Skelly,Roots,389,9/8/1963,Male,312-282-4712,sroots2p@sbwire.com,173
99,173-60-3855,Dorey,Poultney,3,8/28/1986,Female,171-283-9727,dpoultney2q@cmu.edu,149
100,844-38-9182,Ingar,Cumberlidge,278,7/31/2015,Male,605-385-8536,icumberlidge2r@behance.net,13
101,381-41-4372,Rickert,Denness,650,11/2/1962,Male,651-374-8909,rdenness2s@rakuten.co.jp,105
102,576-62-0981,Dorene,Scholte,49,2/10/1958,Bigender,865-212-8570,dscholte2t@360.cn,154
103,829-91-9222,Arlina,Jay,890,4/20/1913,Genderqueer,890-987-7443,ajay2u@pinterest.com,106
104,319-98-6605,Tadd,Priden,363,1/14/2006,Male,665-835-8443,tpriden2v@xinhuanet.com,15
105,774-04-9482,Hedvige,McNern,291,3/3/1915,Female,407-131-8867,hmcnern2w@usda.gov,132
106,234-01-8114,Gwenette,Wrigley,577,9/23/1974,Female,988-186-2169,gwrigley2x@google.fr,104
107,776-38-3195,Daryle,Ivanshintsev,496,10/8/2005,Male,820-974-7902,divanshintsev2y@quantcast.com,125
108,737-74-8179,Harris,Wilber,51,8/7/2011,Male,275-509-7788,hwilber2z@reuters.com,185
109,205-45-7209,Maurits,Toohey,908,3/4/1942,Male,298-715-0456,mtoohey30@example.com,23
110,671-43-8822,Gilberto,Gayler,693,11/20/1995,Male,139-602-6455,ggayler31@ucoz.com,67
111,337-04-6781,Ban,Bonwell,23,4/19/1935,Male,226-559-2290,bbonwell32@marketwatch.com,64
112,424-94-0379,Anitra,Bittlestone,734,6/9/1946,Polygender,392-894-6999,abittlestone33@about.com,25
113,618-21-4411,Faunie,Lissemore,538,8/24/1930,Female,558-583-2939,flissemore34@eventbrite.com,62
114,352-89-9146,Randolf,Coarser,933,3/26/1908,Male,802-527-8358,rcoarser35@globo.com,105
115,728-87-9706,Fallon,Laurentino,936,4/9/1973,Non-binary,472-431-4631,flaurentino36@cbsnews.com,146
116,423-22-9165,Agnese,Abrashkov,2,3/8/1926,Agender,764-372-8062,aabrashkov37@fotki.com,61
117,774-48-5874,Bridgette,Griffey,21,10/30/1935,Female,676-213-9638,bgriffey38@sakura.ne.jp,45
118,895-28-6727,Gladi,Alfonzo,372,8/31/1927,Female,206-394-1060,galfonzo39@google.it,173
119,802-21-4674,Marcus,Fairbourne,97,1/2/1901,Male,446-576-8136,mfairbourne3a@economist.com,26
120,522-94-7948,Martelle,Jeffs,144,2/28/1949,Female,568-501-9703,mjeffs3b@kickstarter.com,85
121,830-92-0165,Rosabelle,Kennsley,523,7/19/1999,Female,358-530-5539,rkennsley3c@flickr.com,119
122,796-76-7495,Bobbye,Terbrug,10,11/2/2010,Bigender,240-871-9596,bterbrug3d@wsj.com,45
123,115-47-4508,Bendicty,Short,887,1/13/1905,Male,111-610-9615,bshort3e@dmoz.org,9
124,861-59-7197,Teodora,Furney,751,7/22/1998,Female,472-332-4870,tfurney3f@timesonline.co.uk,76
125,210-44-0936,Paxton,Radbone,916,6/22/1990,Male,726-669-3649,pradbone3g@sourceforge.net,64
126,319-40-3469,Sophi,Rappport,364,6/17/1971,Non-binary,389-742-1933,srappport3h@quantcast.com,85
127,277-41-7222,Worth,Leebetter,914,1/27/1921,Male,487-960-6831,wleebetter3i@canalblog.com,157
128,439-41-7144,Natasha,Maior,75,5/2/1984,Female,893-439-5233,nmaior3j@google.es,93
129,601-97-9186,Glen,Quantick,238,6/28/1958,Female,421-541-8413,gquantick3k@dailymotion.com,86
130,805-12-8884,Truman,Athelstan,170,5/28/2005,Male,586-496-3907,tathelstan3l@is.gd,88
131,495-90-6475,Ivy,Penny,465,3/29/1966,Female,306-154-5430,ipenny3m@canalblog.com,47
132,611-33-0393,John,Seiler,478,2/13/1949,Male,929-747-1438,jseiler3n@sbwire.com,187
133,409-63-5483,Frances,Bleue,847,6/27/1923,Agender,922-641-5785,fbleue3o@tripod.com,174
134,114-24-9410,Elfrieda,Hoggetts,102,8/27/1924,Female,233-118-9103,ehoggetts3p@yellowbook.com,134
135,257-21-7048,Keir,Bonifant,752,8/19/1913,Male,702-224-0135,kbonifant3q@reddit.com,196
136,175-27-3369,Gertrud,Galfour,962,3/21/1951,Non-binary,448-369-9126,ggalfour3r@scribd.com,66
137,144-03-9682,Lanie,Fydo,795,12/21/1908,Genderqueer,578-179-2658,lfydo3s@craigslist.org,176
138,512-95-8984,Eddi,Girdlestone,111,7/20/1919,Female,469-761-0903,egirdlestone3t@vinaora.com,48
139,560-96-5150,Fenelia,Dunderdale,97,5/14/2016,Female,294-627-1905,fdunderdale3u@over-blog.com,199
140,135-65-3739,Aimil,Ligertwood,692,11/23/1980,Female,637-659-0398,aligertwood3v@behance.net,132
141,279-54-5545,Collete,Ladloe,6,4/14/2015,Female,614-876-7865,cladloe3w@constantcontact.com,37
142,626-25-8335,Caroline,Coggon,941,11/24/1909,Agender,430-760-0545,ccoggon3x@simplemachines.org,27
143,704-26-7380,Trudy,Stoak,589,11/7/1928,Female,784-674-5948,tstoak3y@cyberchimps.com,13
144,362-35-8827,Netti,Vasyukov,969,6/27/1920,Genderqueer,677-267-0643,nvasyukov3z@wsj.com,87
145,798-05-1550,Jeremiah,Zanolli,593,4/11/1983,Male,704-439-7312,jzanolli40@reverbnation.com,23
146,488-38-2696,Kalie,Simonsson,649,10/29/1917,Female,638-212-5780,ksimonsson41@aboutads.info,77
147,801-74-9801,Sonni,Alsop,659,11/28/2019,Female,154-579-8016,salsop42@apache.org,12
148,419-87-3008,Shandy,Collough,727,11/4/1946,Female,806-596-9921,scollough43@mtv.com,118
149,395-18-9334,Dulcia,Bofield,824,7/16/1974,Polygender,849-694-2850,dbofield44@feedburner.com,105
150,149-83-9609,Charisse,Camies,580,4/28/1942,Female,894-386-5268,ccamies45@walmart.com,164
151,112-04-0828,Iolanthe,Gianasi,282,3/21/1965,Female,515-411-6879,igianasi46@eventbrite.com,26
152,787-75-3677,Colver,Snarie,822,11/20/1911,Male,488-881-7341,csnarie47@imageshack.us,65
153,227-83-4094,Efrem,Dutnell,560,3/11/2002,Male,421-832-5903,edutnell48@t-online.de,72
154,462-66-6082,Rod,Harefoot,102,12/7/1969,Male,725-180-6562,rharefoot49@sciencedirect.com,155
155,157-03-0107,Aubrey,Tottem,820,3/31/1949,Female,866-803-7079,atottem4a@icio.us,184
156,420-65-2621,Davin,Dionisetti,343,6/21/1975,Male,144-978-5350,ddionisetti4b@ow.ly,78
157,570-36-0173,Idaline,Spadotto,331,12/6/1968,Female,583-446-9453,ispadotto4c@vimeo.com,42
158,837-14-2955,Amelie,Ingledow,363,12/22/1989,Female,681-826-5589,aingledow4d@furl.net,119
159,745-73-6094,Conny,Tunney,831,12/11/1978,Male,168-115-6093,ctunney4e@homestead.com,75
160,533-24-0601,Ardeen,Fontes,540,12/23/1913,Female,629-808-5921,afontes4f@nationalgeographic.com,96
161,673-95-0115,Demetris,Clewlow,669,6/6/2001,Male,328-742-5943,dclewlow4g@yale.edu,7
162,258-72-1061,Padget,Kuhnert,891,10/31/1991,Male,196-505-3932,pkuhnert4h@twitpic.com,18
163,803-67-1122,Norine,Loomes,534,4/4/1904,Female,176-715-3661,nloomes4i@un.org,110
164,893-12-0848,Gennifer,Moppett,758,2/26/1959,Female,519-144-9911,gmoppett4j@joomla.org,152
165,463-65-7058,Kimmi,Bloschke,419,5/11/1994,Bigender,578-730-2676,kbloschke4k@quantcast.com,72
166,547-96-0492,Thain,Dinse,245,10/28/1959,Male,156-368-4477,tdinse4l@miibeian.gov.cn,126
167,481-88-3190,Sherill,Fairley,700,12/21/1949,Female,348-258-8504,sfairley4m@blogtalkradio.com,70
168,148-64-9686,Tallou,Forsaith,226,8/14/1967,Female,424-142-9690,tforsaith4n@elpais.com,17
169,481-74-9289,Marjory,Shird,995,1/17/1932,Female,770-868-8297,mshird4o@unc.edu,47
170,277-59-2963,Cliff,MacPhaden,135,11/12/1903,Male,670-288-3982,cmacphaden4p@businessweek.com,75
171,502-49-8957,Candida,Trigg,987,5/17/1959,Female,754-227-5266,ctrigg4q@indiegogo.com,161
172,892-72-1869,Louisa,Carbin,568,4/30/1989,Bigender,518-836-6948,lcarbin4r@businessweek.com,50
173,572-90-9686,Shandeigh,Sarten,498,11/11/1928,Female,447-329-6109,ssarten4s@artisteer.com,190
174,636-58-5485,Ag,Cohani,277,3/12/1935,Non-binary,357-589-7328,acohani4t@rambler.ru,42
175,347-84-0572,Saraann,Ebi,490,2/14/1903,Female,770-685-3204,sebi4u@ask.com,144
176,528-40-8353,Nikaniki,Sarjent,159,3/26/1900,Female,872-133-1385,nsarjent4v@cam.ac.uk,64
177,347-85-6045,Jodi,Cambden,823,11/29/1978,Female,416-777-1423,jcambden4w@odnoklassniki.ru,52
178,874-59-5636,Lulita,Reichartz,324,3/15/1917,Non-binary,386-611-6674,lreichartz4x@salon.com,112
179,824-01-2626,Myranda,Fleote,632,7/15/1962,Female,224-195-9234,mfleote4y@engadget.com,105
180,484-60-8885,Stormie,Derye-Barrett,892,10/25/2005,Female,330-494-0250,sderyebarrett4z@go.com,146
181,203-73-5425,Catlee,Tuckley,753,4/3/1937,Female,763-985-1065,ctuckley50@zimbio.com,44
182,189-43-8293,Sherye,Denley,291,5/4/1942,Female,524-508-7070,sdenley51@devhub.com,136
183,241-72-2799,Stoddard,Rumming,408,7/1/1915,Female,166-442-5743,srumming52@amazon.co.jp,41
184,539-76-9688,Dickie,Keele,233,10/16/1916,Male,471-819-0160,dkeele53@blogspot.com,185
185,396-84-8239,Paulette,Hillhouse,667,12/24/1939,Female,306-150-9149,phillhouse54@usgs.gov,146
186,474-12-4059,Base,Losel,308,7/28/1930,Male,893-178-6090,blosel55@mashable.com,133
187,821-55-4097,Kaila,Curtis,657,12/12/1995,Female,666-522-5585,kcurtis56@acquirethisname.com,182
188,835-43-6382,Patty,Stobie,622,6/30/1967,Female,641-155-8023,pstobie57@github.io,22
189,618-83-0294,Stevena,Holgan,863,7/19/2012,Female,934-666-4556,sholgan58@soup.io,154
190,609-78-2785,Frieda,Pescud,486,6/12/1997,Genderqueer,539-887-9123,fpescud59@free.fr,6
191,818-62-9024,Leda,Forgan,915,4/7/1945,Female,916-748-7968,lforgan5a@behance.net,72
192,248-64-9217,Jacki,Skain,24,9/22/1928,Female,733-853-4112,jskain5b@census.gov,156
193,130-64-3780,Craig,Steven,266,7/8/1915,Male,738-928-8854,csteven5c@spotify.com,160
194,330-27-7510,Horatio,Mortel,30,1/6/2024,Male,784-911-4518,hmortel5d@nature.com,149
195,467-55-4316,Evelin,Hardwidge,272,3/2/1950,Male,436-570-4175,ehardwidge5e@yahoo.co.jp,200
196,574-08-1353,Kaspar,Kilgallen,510,10/17/1928,Male,205-707-6946,kkilgallen5f@about.com,111
197,579-45-5743,Cash,Devinn,133,4/2/1944,Male,106-933-0873,cdevinn5g@phpbb.com,27
198,556-36-4313,Brocky,Tackell,837,7/15/1988,Male,814-908-8259,btackell5h@de.vu,164
199,382-47-7529,Sayre,Mill,983,9/16/1944,Male,690-356-0456,smill5i@mapquest.com,47
200,299-13-6336,Urban,Stinchcombe,170,1/27/1913,Male,664-602-0356,ustinchcombe5j@wordpress.org,117
201,569-70-5861,Colette,Pacheco,396,1/19/1909,Female,856-906-9889,cpacheco5k@wufoo.com,125
202,861-47-6922,Gun,Juara,567,12/26/1917,Male,665-129-0946,gjuara5l@statcounter.com,168
203,159-41-3466,Erl,Grzelczyk,459,2/19/1983,Male,286-881-2389,egrzelczyk5m@cam.ac.uk,106
204,452-21-3315,Bessie,Willavize,504,1/5/1961,Female,503-889-7797,bwillavize5n@wikimedia.org,119
205,342-06-4118,Caresse,Hansie,916,10/31/1960,Female,442-941-3273,chansie5o@yelp.com,142
206,241-08-7144,Barri,Ruprecht,992,1/22/1974,Male,507-971-3597,bruprecht5p@engadget.com,39
207,869-01-9711,Maire,De Domenici,582,10/26/1964,Female,594-987-8243,mdedomenici5q@google.pl,156
208,368-18-2426,Mitchel,Cicchitello,958,3/25/1943,Male,694-998-3425,mcicchitello5r@cbsnews.com,187
209,898-40-9096,Marj,Jamieson,931,8/29/2014,Female,395-811-0813,mjamieson5s@cafepress.com,65
210,366-82-3084,Marlee,Arrell,398,9/8/1996,Genderqueer,122-827-9071,marrell5t@census.gov,4
211,528-06-8470,Corrie,Polon,213,2/15/2007,Female,100-445-6861,cpolon5u@cam.ac.uk,92
212,343-09-8664,Gunther,Andor,163,8/14/1974,Male,442-235-0602,gandor5v@globo.com,29
213,474-17-9580,Nickolas,Renshall,886,11/22/1938,Male,133-213-6573,nrenshall5w@cloudflare.com,137
214,788-82-0240,Rem,Kilmary,661,11/23/2011,Male,520-637-7916,rkilmary5x@nps.gov,27
215,684-97-8815,Janie,Taborre,616,10/31/1962,Female,635-896-0027,jtaborre5y@rambler.ru,132
216,831-06-3926,Kalinda,Rozier,897,11/5/1938,Female,815-626-7090,krozier5z@timesonline.co.uk,119
217,839-74-9786,Cayla,Couvet,545,1/14/1930,Female,798-334-9534,ccouvet60@moonfruit.com,97
218,153-02-5270,Juditha,O' Hogan,309,11/29/1973,Female,999-461-3326,johogan61@4shared.com,21
219,676-93-1935,Napoleon,Blesli,633,11/4/1941,Male,769-949-5507,nblesli62@nba.com,143
220,417-27-8391,Bobby,Ende,305,3/14/1946,Male,295-523-0644,bende63@examiner.com,92
221,556-33-4223,Waldo,Fessier,647,1/2/1955,Male,440-424-4524,wfessier64@sun.com,162
222,385-09-7451,Oswald,Crann,512,1/7/1944,Male,317-319-0726,ocrann65@soup.io,175
223,648-18-5941,Shandee,Bassham,280,3/20/2020,Female,258-906-4841,sbassham66@slashdot.org,173
224,130-15-3721,Osbert,Scrivinor,802,10/20/1936,Male,640-699-8986,oscrivinor67@sciencedirect.com,15
225,566-49-6684,Clementius,Yetts,743,4/26/1987,Male,297-511-2379,cyetts68@cbc.ca,42
226,574-56-1431,Blondell,Jeacock,414,12/29/1919,Female,575-289-2882,bjeacock69@lulu.com,142
227,761-08-6194,Trescha,Pregel,124,6/21/1950,Female,167-740-0155,tpregel6a@themeforest.net,188
228,149-35-3523,Essie,Mayho,294,10/13/1995,Female,654-665-0765,emayho6b@wikispaces.com,116
229,824-18-7338,Jesse,Rendbaek,813,12/3/1929,Non-binary,513-581-5962,jrendbaek6c@springer.com,141
230,144-93-1016,Vallie,Bidewell,221,9/12/1915,Female,952-471-6762,vbidewell6d@infoseek.co.jp,56
231,100-55-1387,Jaymie,Mulvy,252,9/11/1901,Male,698-753-1860,jmulvy6e@studiopress.com,14
232,440-65-5148,Raeann,Stanney,157,7/23/1940,Female,581-430-4587,rstanney6f@blog.com,56
233,620-33-3131,Grissel,Martinovsky,855,12/22/1993,Female,177-160-2272,gmartinovsky6g@altervista.org,148
234,128-35-9014,Beltran,Dyet,164,6/10/2004,Male,366-314-4686,bdyet6h@ocn.ne.jp,114
235,878-54-8998,Nicoli,Kyteley,145,10/30/1946,Female,863-246-4527,nkyteley6i@virginia.edu,130
236,588-51-3544,Jack,Sibery,670,2/7/2020,Male,571-987-9984,jsibery6j@illinois.edu,22
237,288-14-8266,Ainsley,Mourgue,707,6/7/1920,Female,353-217-0544,amourgue6k@canalblog.com,89
238,121-97-2316,Clint,Burtwell,482,1/20/2013,Male,874-134-7259,cburtwell6l@tamu.edu,24
239,457-42-4620,Hayward,Hacaud,56,5/7/1952,Male,829-905-7972,hhacaud6m@multiply.com,133
240,705-56-6709,Valery,Downing,794,6/28/1924,Female,475-385-3618,vdowning6n@dedecms.com,40
241,784-02-7514,Kimberlyn,Walsh,730,3/14/1948,Genderfluid,593-628-7425,kwalsh6o@squarespace.com,79
242,531-56-7298,Cointon,Dall,729,1/10/1924,Male,628-729-8939,cdall6p@1688.com,48
243,728-84-7065,Janie,McEttigen,936,9/26/1966,Female,476-778-2927,jmcettigen6q@army.mil,151
244,608-40-1490,Marty,MacAulay,487,6/1/1938,Male,929-606-8074,mmacaulay6r@surveymonkey.com,58
245,862-75-6681,Bathsheba,Sussex,180,9/11/2001,Female,192-803-6392,bsussex6s@samsung.com,141
246,386-21-4339,Gustie,Sodo,205,7/8/2001,Female,323-910-2400,gsodo6t@oracle.com,109
247,619-54-0404,Desiri,Keerl,885,5/5/1968,Female,398-495-6998,dkeerl6u@ibm.com,157
248,157-37-5688,Bernie,Hastwell,207,8/26/2003,Agender,959-187-1037,bhastwell6v@artisteer.com,41
249,862-22-1458,Myrlene,Linnitt,449,1/15/2010,Female,358-989-1953,mlinnitt6w@desdev.cn,73
250,809-33-4121,Tori,Paur,131,1/31/1934,Genderfluid,391-176-2811,tpaur6x@ovh.net,31
251,851-39-1568,Baryram,Uccelli,701,1/30/1938,Male,635-242-5726,buccelli6y@alexa.com,194
252,651-26-2854,Chickie,Beales,862,7/7/1905,Bigender,309-362-1309,cbeales6z@wired.com,36
253,655-31-5427,Ogdon,Punton,219,1/1/1968,Male,363-958-7162,opunton70@reference.com,126
254,152-96-9559,Perice,McIlharga,772,7/20/1980,Male,659-834-9851,pmcilharga71@google.ca,147
255,195-04-5139,Brandice,Billiard,171,7/8/2003,Female,280-910-6403,bbilliard72@paypal.com,58
256,631-46-5087,Eugenius,Crewdson,937,9/5/2013,Male,443-251-4097,ecrewdson73@reddit.com,68
257,317-83-5924,Ainsley,Eames,830,4/10/1931,Female,362-906-3233,aeames74@columbia.edu,108
258,878-35-1962,Byrom,Andrat,150,5/5/1982,Male,813-621-3349,bandrat75@marriott.com,186
259,387-36-1142,Caryl,Sweeting,740,3/29/1985,Female,243-696-1107,csweeting76@scribd.com,168
260,894-68-7766,Edgar,Challicum,946,5/28/1962,Male,498-593-9379,echallicum77@tuttocitta.it,19
261,416-38-5333,Nealon,Walder,932,10/22/1997,Male,714-123-3288,nwalder78@nyu.edu,112
262,541-65-0938,Ario,Cooling,920,1/17/1921,Male,219-212-9795,acooling79@domainmarket.com,177
263,530-62-2052,Annice,Huonic,333,12/29/1913,Female,541-878-8117,ahuonic7a@fc2.com,111
264,232-98-8091,Ericha,Patria,254,11/10/1991,Female,730-187-2671,epatria7b@webs.com,79
265,441-58-3681,Rheta,Chaston,293,5/7/1934,Female,538-448-3390,rchaston7c@go.com,200
266,228-55-7291,Cchaddie,Haddington,665,4/9/2017,Male,508-780-4767,chaddington7d@taobao.com,99
267,479-59-1267,Rosco,Buche,849,9/16/1979,Non-binary,867-637-3201,rbuche7e@thetimes.co.uk,120
268,203-29-2430,Hanson,Noke,592,11/30/1900,Male,373-152-8946,hnoke7f@creativecommons.org,161
269,891-59-5461,Stafford,MacTerrelly,72,12/14/1921,Male,906-669-1124,smacterrelly7g@photobucket.com,55
270,558-90-8839,Laura,Kyles,3,6/30/2023,Female,517-194-6464,lkyles7h@feedburner.com,1
271,463-04-0817,Berty,Zannelli,346,3/23/1961,Female,704-243-1364,bzannelli7i@example.com,196
272,753-82-3777,Nollie,Ziehm,211,1/29/2012,Female,707-929-7138,nziehm7j@usa.gov,117
273,167-08-6642,Corilla,Eastwell,734,9/1/2022,Female,470-483-9046,ceastwell7k@technorati.com,50
274,713-70-3244,Birgitta,Tomasoni,891,4/21/1932,Female,908-711-9838,btomasoni7l@addthis.com,32
275,624-04-2719,Haywood,Rennox,904,10/29/1921,Male,916-730-7408,hrennox7m@virginia.edu,92
276,561-84-6612,Binky,Boxall,805,4/13/1959,Male,562-831-1256,bboxall7n@eventbrite.com,110
277,715-96-3678,Sophronia,Ketchell,301,11/26/1911,Agender,498-851-8541,sketchell7o@washington.edu,44
278,307-49-9134,Anthia,McElhinney,667,12/23/1929,Female,325-130-6394,amcelhinney7p@storify.com,18
279,827-59-5332,Phebe,Gotch,813,11/27/1971,Female,539-596-2869,pgotch7q@economist.com,50
280,401-26-3025,Enrica,Voff,726,1/13/1962,Female,431-454-7502,evoff7r@canalblog.com,87
281,162-68-4420,Lionel,Yakebovitch,42,11/30/1978,Male,521-292-3414,lyakebovitch7s@cisco.com,10
282,860-98-5202,Griffie,Bangs,66,9/17/1998,Genderfluid,563-878-3133,gbangs7t@webeden.co.uk,21
283,897-97-3900,Gav,Leyland,62,4/2/1953,Male,896-821-0794,gleyland7u@usnews.com,66
284,457-89-6167,Brennan,Ruzek,452,7/4/1902,Male,288-296-3911,bruzek7v@pbs.org,172
285,824-07-2058,Gracia,Andree,303,12/13/1956,Female,907-817-3521,gandree7w@jiathis.com,143
286,796-33-6933,Artur,MacCoveney,643,8/27/1936,Male,219-495-5455,amaccoveney7x@moonfruit.com,73
287,392-62-8103,Vin,Simone,216,9/6/1917,Female,682-887-9702,vsimone7y@myspace.com,104
288,649-31-0137,Celine,Whissell,826,12/7/1956,Female,838-612-9114,cwhissell7z@tumblr.com,160
289,340-39-2385,Sauncho,Wrassell,221,6/2/1905,Male,389-147-3173,swrassell80@reverbnation.com,187
290,720-01-8118,Marga,Snodden,967,3/22/1951,Female,917-593-4489,msnodden81@google.es,8
291,686-68-9852,Natal,D'Ambrogi,550,1/4/1969,Male,776-925-2141,ndambrogi82@pcworld.com,115
292,759-12-1370,Cary,Labroue,551,4/5/1922,Female,856-922-2936,clabroue83@tamu.edu,200
293,144-19-0264,Merell,Garvill,580,5/7/1959,Male,105-460-4452,mgarvill84@macromedia.com,119
294,276-02-2136,Kikelia,Dyott,810,2/4/1968,Female,951-314-3122,kdyott85@macromedia.com,52
295,452-46-2607,Almira,De Roeck,235,7/2/1931,Female,283-532-3165,aderoeck86@constantcontact.com,136
296,465-11-5643,Hakim,Eliaz,230,2/20/1998,Male,874-556-5979,heliaz87@elpais.com,121
297,564-52-6237,Doris,Mabbitt,159,7/4/1927,Female,808-247-1664,dmabbitt88@goo.ne.jp,198
298,636-83-4556,Cindelyn,Shiliton,769,8/21/1945,Non-binary,108-151-4972,cshiliton89@topsy.com,200
299,455-10-0180,Trumaine,Timbridge,447,9/7/1917,Male,335-816-0553,ttimbridge8a@foxnews.com,60
300,555-26-5919,Jandy,Richmond,773,5/26/1979,Female,266-598-2721,jrichmond8b@wikipedia.org,51
301,863-18-8087,Valene,Pentecost,127,2/1/1936,Female,641-673-9685,vpentecost8c@slate.com,43
302,468-16-6205,Nani,Solan,708,8/7/1929,Female,140-739-2838,nsolan8d@europa.eu,56
303,486-41-5750,Roberta,Biaggi,165,7/15/1982,Female,309-532-2561,rbiaggi8e@theguardian.com,1
304,640-23-6178,Demetris,Scullard,468,11/2/2020,Male,795-694-6452,dscullard8f@blog.com,159
305,313-83-9978,Fan,Hulse,627,9/4/1929,Female,894-492-0478,fhulse8g@webs.com,120
306,292-78-2351,Reynold,Jagiela,797,2/11/1903,Male,317-323-6166,rjagiela8h@bravesites.com,114
307,783-48-0726,Manuel,Trembey,234,2/15/1955,Male,803-805-6492,mtrembey8i@sourceforge.net,167
308,329-91-6160,Vally,Westmore,985,4/5/1928,Female,483-245-1305,vwestmore8j@usnews.com,15
309,251-86-2800,Arlyn,Tanser,556,6/25/1921,Female,150-211-4028,atanser8k@washingtonpost.com,194
310,499-44-5737,Sheri,Rowler,351,2/26/1933,Female,273-559-8597,srowler8l@cnbc.com,164
311,817-91-4278,Kerr,Castillo,357,2/10/1914,Male,196-714-4822,kcastillo8m@g.co,20
312,577-54-9624,Sawyer,Deme,679,10/16/1966,Male,116-508-9575,sdeme8n@webmd.com,3
313,329-42-8776,Terrel,Purselow,220,10/15/2014,Male,198-562-1885,tpurselow8o@omniture.com,199
314,833-42-3992,Carmina,Gellibrand,171,6/18/1979,Polygender,712-112-8454,cgellibrand8p@ebay.com,15
315,112-48-8941,Ethel,Sherbourne,522,1/11/1943,Female,675-851-4985,esherbourne8q@answers.com,107
316,480-94-1304,Jandy,Pochon,158,3/13/1908,Female,209-831-7097,jpochon8r@dagondesign.com,174
317,299-25-2192,Rorie,Piet,957,7/11/1932,Female,380-452-1773,rpiet8s@epa.gov,70
318,670-31-5825,Arvie,Cockhill,414,2/25/1978,Male,207-850-2986,acockhill8t@ebay.com,118
319,806-68-1700,Orton,Oliveras,275,1/29/2013,Male,412-869-6039,ooliveras8u@instagram.com,130
320,421-30-4908,Sherlock,Ailsbury,82,8/1/2014,Male,325-922-4551,sailsbury8v@wikipedia.org,176
321,283-08-9493,Krishnah,Butter,632,2/8/1900,Bigender,516-654-1563,kbutter8w@wunderground.com,149
322,874-43-0377,Ola,Sictornes,924,12/28/2003,Female,269-106-1502,osictornes8x@alexa.com,148
323,157-46-3913,Marcille,Winstanley,358,4/21/1963,Female,987-391-8088,mwinstanley8y@cbc.ca,179
324,404-76-1489,Ondrea,Mandry,582,6/14/1917,Female,263-180-3532,omandry8z@last.fm,142
325,660-40-0493,Reinaldo,Wimpenny,698,6/9/1996,Male,300-364-4471,rwimpenny90@gizmodo.com,120
326,268-57-1422,Walther,Wooder,109,11/26/1983,Male,409-966-7935,wwooder91@apache.org,93
327,305-03-2255,Laura,Batsford,168,4/26/2013,Female,406-802-2581,lbatsford92@microsoft.com,174
328,707-40-9853,Abdul,Sture,94,10/13/1907,Male,114-566-7848,asture93@salon.com,25
329,824-99-1409,Joni,Hablet,115,1/4/1999,Female,282-978-9918,jhablet94@salon.com,77
330,212-41-2202,Rossie,Nowill,366,12/17/1954,Male,938-362-4779,rnowill95@smh.com.au,110
331,703-62-2451,Danice,Rainer,348,7/9/1954,Female,631-951-7989,drainer96@sfgate.com,120
332,542-59-1304,Chris,Doorbar,849,12/29/1963,Male,491-690-7115,cdoorbar97@mozilla.org,85
333,379-04-0780,Oralie,Bruckental,404,2/13/1995,Female,974-671-2544,obruckental98@ocn.ne.jp,196
334,816-54-8020,Sigfried,Alster,17,5/21/1932,Male,910-927-4371,salster99@squidoo.com,178
335,817-15-3633,Fanchon,Eyles,397,8/26/1911,Female,841-329-3636,feyles9a@nature.com,55
336,199-15-9608,Pyotr,Godball,1000,11/4/1952,Bigender,533-693-3717,pgodball9b@blog.com,174
337,248-87-3162,Sibyl,Somerton,268,8/19/1999,Female,898-937-6799,ssomerton9c@123-reg.co.uk,137
338,840-18-1313,Selie,Bernardini,473,2/12/1914,Female,174-689-7831,sbernardini9d@purevolume.com,172
339,752-77-5631,Felic,Challoner,656,1/11/1936,Male,746-461-6305,fchalloner9e@miitbeian.gov.cn,1
340,667-63-9105,Waite,Gerrett,543,1/10/2001,Male,465-386-8024,wgerrett9f@bing.com,68
341,276-95-9835,Norbie,Pedden,207,2/7/1985,Male,242-546-2881,npedden9g@globo.com,88
342,760-65-5155,Lennie,Klossmann,354,1/12/1938,Male,407-232-9319,lklossmann9h@themeforest.net,181
343,724-01-7291,Alis,Trusler,743,5/14/1910,Genderfluid,441-566-6036,atrusler9i@imgur.com,186
344,847-83-3947,Olly,Toope,940,1/14/2013,Male,645-108-0795,otoope9j@prlog.org,113
345,699-39-5234,Giacomo,Dennerley,261,8/25/2023,Male,117-181-9107,gdennerley9k@livejournal.com,82
346,482-32-1511,Loree,Glanister,512,11/22/1993,Female,884-118-3008,lglanister9l@whitehouse.gov,65
347,732-97-7847,Herold,Torns,22,9/13/1906,Male,218-869-8573,htorns9m@goo.ne.jp,53
348,732-64-6575,Ambros,McElhargy,553,7/18/2007,Male,592-778-5637,amcelhargy9n@go.com,171
349,480-81-6681,Ardyce,Boar,847,12/4/1901,Female,971-203-7954,aboar9o@arstechnica.com,48
350,385-54-0344,Virgilio,McGill,905,5/19/2003,Male,827-638-3807,vmcgill9p@istockphoto.com,104
351,658-13-5556,Levin,Rowbury,186,3/19/2021,Polygender,580-340-3329,lrowbury9q@mtv.com,159
352,539-11-6344,Aubert,Mapletoft,963,7/1/1900,Male,387-129-6781,amapletoft9r@yelp.com,182
353,400-48-6872,Lawton,Mungan,571,12/18/1983,Male,814-229-8907,lmungan9s@godaddy.com,158
354,320-45-0973,Rogerio,Yarham,877,8/3/1970,Male,787-548-5390,ryarham9t@woothemes.com,64
355,579-46-8139,Meridel,Welbrock,639,1/14/1944,Female,282-906-4336,mwelbrock9u@parallels.com,49
356,314-63-7155,Nonah,Coultar,884,8/11/1954,Female,688-548-2914,ncoultar9v@wikimedia.org,63
357,263-04-6746,Sax,Fairnington,681,6/12/2004,Male,784-719-6611,sfairnington9w@hp.com,44
358,884-46-7647,Udale,Boothebie,362,1/9/1931,Male,546-375-6921,uboothebie9x@scientificamerican.com,46
359,381-75-1734,Thalia,Le Bosse,534,1/16/1961,Female,247-208-4728,tlebosse9y@nps.gov,108
360,796-74-8225,Bobbe,Jaffa,736,10/27/1900,Female,577-523-7333,bjaffa9z@homestead.com,110
361,178-79-8238,Michelina,Dall,771,1/3/2009,Female,850-435-7120,mdalla0@xing.com,183
362,215-07-2186,Letitia,Reidshaw,364,12/28/1939,Female,811-941-9366,lreidshawa1@e-recht24.de,64
363,134-25-9061,Godart,Churches,270,5/8/1942,Male,915-239-9816,gchurchesa2@hao123.com,89
364,739-08-9396,Asa,Adame,477,11/30/2013,Male,973-882-8397,aadamea3@chicagotribune.com,171
365,282-62-0123,Fidelity,Hurkett,448,3/5/2012,Female,112-569-0395,fhurketta4@issuu.com,23
366,800-08-2031,Clementina,Willmer,588,6/23/1983,Female,710-642-3079,cwillmera5@nytimes.com,122
367,257-18-2257,Laverne,Cicconetti,466,12/1/1941,Female,925-173-0217,lcicconettia6@salon.com,36
368,667-80-9262,Laureen,Syce,915,3/21/1959,Female,525-935-0375,lsycea7@usatoday.com,81
369,667-44-6410,Cherrita,Ditchfield,407,11/12/2017,Female,374-911-4622,cditchfielda8@blogtalkradio.com,69
370,788-87-0610,Nolan,Triebner,791,2/6/1910,Male,244-131-4861,ntriebnera9@reference.com,90
371,774-03-9002,Ardelis,Parfitt,431,11/16/1959,Female,882-615-4796,aparfittaa@google.pl,123
372,206-25-1193,Rica,Oke,462,10/7/1924,Female,894-407-4698,rokeab@sciencedirect.com,179
373,836-92-5311,Boony,Bangiard,390,4/29/1957,Male,626-467-0799,bbangiardac@thetimes.co.uk,189
374,766-65-8961,Weber,Osan,103,4/2/1975,Male,406-616-9697,wosanad@paypal.com,6
375,773-29-7814,Rooney,Oiller,544,7/23/1966,Male,662-987-9745,roillerae@elegantthemes.com,86
376,266-71-6932,Cory,Blakes,737,4/13/1957,Female,545-469-5785,cblakesaf@163.com,65
377,410-67-0156,Roley,Sansbury,758,8/29/1969,Male,566-606-4518,rsansburyag@ezinearticles.com,89
378,640-73-2153,La verne,Philpots,290,12/26/1948,Bigender,577-567-6899,lphilpotsah@yale.edu,175
379,132-77-5656,Sid,Koopman,226,6/1/1962,Male,644-340-8848,skoopmanai@imageshack.us,141
380,403-85-1529,Felicio,Milborn,76,4/18/1902,Genderqueer,625-419-1001,fmilbornaj@dot.gov,186
381,382-05-0680,Frankie,Hacket,409,1/25/1969,Female,284-238-9693,fhacketak@bizjournals.com,67
382,688-79-4762,Shaw,Matys,28,9/22/2007,Male,828-553-5774,smatysal@wired.com,151
383,602-52-6934,Adams,Surguine,188,10/17/1997,Male,826-328-9131,asurguineam@house.gov,39
384,216-30-0670,Dale,Kahen,764,9/1/2019,Agender,998-639-5747,dkahenan@ibm.com,173
385,407-05-3025,Elaine,Urrey,380,3/10/1908,Female,294-370-4044,eurreyao@tinypic.com,21
386,336-61-9824,Othelia,Skelhorn,481,5/7/1949,Female,871-341-4986,oskelhornap@facebook.com,162
387,395-39-5917,Niels,Lebel,984,3/5/1924,Male,660-589-0125,nlebelaq@adobe.com,75
388,195-75-7937,Brittni,Grey,833,5/12/1958,Female,494-651-5548,bgreyar@usa.gov,82
389,545-67-8231,Ines,Simeoni,116,7/9/1910,Female,407-394-7332,isimeonias@vistaprint.com,177
390,815-29-4738,Cathrin,McAuslene,384,4/17/2011,Genderqueer,188-211-0050,cmcausleneat@mail.ru,180
391,357-31-6174,Worden,Cuardall,946,7/9/1975,Male,509-148-1143,wcuardallau@github.com,87
392,136-24-5251,Davon,Witherup,996,9/14/1958,Male,980-477-8173,dwitherupav@ovh.net,93
393,283-55-6144,Corbett,Burkill,424,5/26/1985,Male,211-430-7459,cburkillaw@ifeng.com,181
394,658-11-2059,Pierre,Wink,191,9/8/1993,Male,707-937-5320,pwinkax@slideshare.net,185
395,615-97-6786,Carina,de Juares,219,8/20/1974,Female,661-513-0536,cdejuaresay@weather.com,118
396,431-30-0619,Karyl,Ager,815,4/20/1930,Female,237-255-4888,kageraz@technorati.com,48
397,150-43-7402,Dallis,Hoofe,202,4/16/1967,Male,772-696-5107,dhoofeb0@telegraph.co.uk,185
398,657-15-6378,Lynelle,Mundow,463,9/17/1912,Female,451-337-4918,lmundowb1@sciencedaily.com,44
399,251-37-6474,Martainn,Spelman,966,12/3/1984,Male,658-266-0533,mspelmanb2@ifeng.com,6
400,560-02-9327,Lonni,Tender,829,1/3/2004,Female,998-288-8574,ltenderb3@marriott.com,71
401,480-11-0951,Thacher,Daborne,889,1/13/1923,Male,275-116-7362,tdaborneb4@oracle.com,79
402,272-34-0629,Rosco,Jirick,950,5/20/1940,Male,145-472-9713,rjirickb5@thetimes.co.uk,67
403,872-69-8718,Cleopatra,Winterflood,480,1/25/1968,Non-binary,828-807-1721,cwinterfloodb6@comcast.net,70
404,587-26-8041,Daniela,Oles,249,6/16/2022,Female,363-982-7525,dolesb7@twitpic.com,100
405,163-03-1914,Jackie,Summersett,958,6/4/1976,Female,819-870-9717,jsummersettb8@bandcamp.com,196
406,153-08-2655,Laraine,McNern,56,8/23/2008,Female,166-664-1514,lmcnernb9@weebly.com,152
407,612-39-3506,Essa,Shearmer,184,5/2/1900,Female,669-577-7881,eshearmerba@ox.ac.uk,93
408,627-68-0353,Angel,Phelan,808,12/3/1950,Male,524-145-9313,aphelanbb@freewebs.com,187
409,190-88-4533,Wallas,Demchen,949,12/8/1972,Male,697-572-9868,wdemchenbc@plala.or.jp,65
410,633-57-1328,Calli,Ruberti,259,6/4/1931,Female,667-250-0633,crubertibd@gnu.org,152
411,731-88-3327,Elton,Blei,710,1/7/1954,Male,670-427-0268,ebleibe@un.org,92
412,669-84-9706,Armando,Gierok,324,2/14/2010,Male,991-567-6058,agierokbf@ihg.com,121
413,785-51-4369,Sloane,Woodage,20,1/25/1948,Male,613-420-7445,swoodagebg@msu.edu,104
414,776-73-0046,Ruddy,Studdard,439,9/14/2009,Male,308-719-6435,rstuddardbh@foxnews.com,1
415,819-40-6682,Nickey,Kennifeck,258,6/21/1969,Male,769-912-5137,nkennifeckbi@usa.gov,103
416,518-56-9867,Franni,Whitely,97,12/31/1993,Female,324-127-7088,fwhitelybj@cdbaby.com,29
417,372-40-2071,Ange,Stoves,155,5/31/1972,Female,133-630-2236,astovesbk@cnbc.com,187
418,743-73-4784,Caressa,Mance,509,12/19/2002,Female,737-389-5190,cmancebl@mlb.com,78
419,337-61-8128,Bren,Rance,853,11/10/1902,Female,539-807-8546,brancebm@senate.gov,2
420,114-20-7273,Sterne,O' Sullivan,315,4/17/1969,Male,735-744-4475,sosullivanbn@wikimedia.org,67
421,543-22-6567,Vernice,Tolworthie,486,8/23/1991,Female,797-817-2393,vtolworthiebo@histats.com,155
422,128-03-2935,Mariellen,Turton,623,2/27/1974,Female,473-347-6253,mturtonbp@amazonaws.com,78
423,424-16-1831,Moina,Frankiss,211,3/4/1961,Female,184-811-3341,mfrankissbq@360.cn,181
424,214-21-2628,Lola,Bollom,767,11/6/2007,Female,484-481-9486,lbollombr@fema.gov,3
425,765-03-4344,Glenn,Summerrell,818,4/10/1901,Male,399-400-3145,gsummerrellbs@mashable.com,171
426,414-66-5620,Dina,Jannequin,105,7/6/1920,Non-binary,347-676-4433,djannequinbt@dagondesign.com,136
427,499-98-8104,Mayor,Barhams,738,3/17/1908,Male,882-444-6501,mbarhamsbu@npr.org,181
428,766-11-5959,Tessy,Jentin,662,10/17/1974,Female,870-971-0434,tjentinbv@sogou.com,186
429,520-36-8668,Rene,Ridpath,585,5/30/2013,Polygender,863-702-3296,rridpathbw@nsw.gov.au,118
430,649-24-5652,Peggie,Strother,385,2/21/1903,Female,189-197-4214,pstrotherbx@smugmug.com,33
431,838-20-6916,Les,Nollet,244,11/7/1952,Male,627-260-4203,lnolletby@dagondesign.com,126
432,368-67-4985,Giffy,Mycock,867,5/28/1990,Male,810-813-0563,gmycockbz@typepad.com,39
433,844-76-6693,Kikelia,Scrauniage,558,1/14/2009,Female,717-512-4344,kscrauniagec0@sfgate.com,38
434,789-51-0539,Karlis,Barstock,928,5/21/1987,Male,210-178-1521,kbarstockc1@ustream.tv,192
435,793-74-2407,Meredith,Cauthra,521,12/14/1905,Male,774-367-4958,mcauthrac2@twitter.com,35
436,281-43-0194,Shelton,Arkley,339,8/15/1942,Male,585-723-5633,sarkleyc3@github.com,55
437,425-97-0702,Cassandry,Townby,497,2/11/1948,Female,707-623-9185,ctownbyc4@mac.com,139
438,492-05-5755,Cindelyn,Planque,419,9/3/2006,Female,760-340-1869,cplanquec5@lulu.com,111
439,181-54-1122,Florida,Kauschke,600,7/1/1969,Female,489-438-1888,fkauschkec6@utexas.edu,24
440,221-03-5588,Dilan,Spieck,675,5/20/1991,Male,319-376-2211,dspieckc7@infoseek.co.jp,200
441,690-99-4291,Xylia,Baggaley,727,6/25/2002,Female,875-624-0728,xbaggaleyc8@businessinsider.com,3
442,310-99-5593,Chery,Beckmann,881,9/11/1905,Female,161-399-0175,cbeckmannc9@dailymail.co.uk,4
443,585-21-2369,Ashlie,Silkstone,384,2/7/1994,Female,449-616-8460,asilkstoneca@techcrunch.com,67
444,726-97-8603,Evita,Courtier,934,11/15/2013,Female,446-211-8328,ecourtiercb@privacy.gov.au,9
445,310-09-7886,Letti,Sackur,527,9/22/1946,Female,199-817-8330,lsackurcc@free.fr,92
446,349-31-7125,Romona,Pavelka,271,3/12/1920,Female,958-479-7119,rpavelkacd@slashdot.org,113
447,543-40-3223,Ruth,Russell,498,9/24/1997,Genderfluid,596-170-6169,rrussellce@e-recht24.de,5
448,271-74-1320,Celestyn,Geri,258,4/23/1982,Female,921-636-1479,cgericf@wunderground.com,24
449,220-07-3294,Melli,McClosh,205,7/22/1999,Female,440-516-8353,mmccloshcg@slideshare.net,109
450,178-34-7261,Shela,Dunkirk,902,8/20/2002,Female,560-656-0060,sdunkirkch@multiply.com,138
451,435-37-7964,Ephraim,Fitzmaurice,93,6/21/2001,Male,550-115-0680,efitzmauriceci@usatoday.com,43
452,886-68-2800,Eugenius,Kirrens,54,8/18/1932,Male,748-838-7352,ekirrenscj@soup.io,77
453,128-79-4709,Donnajean,Garrigan,914,6/15/2010,Female,473-940-1631,dgarriganck@chron.com,85
454,101-21-2810,Chick,Phettiplace,744,12/13/2001,Male,719-474-6351,cphettiplacecl@skyrock.com,188
455,835-38-5931,Bondy,Owens,681,7/31/1950,Genderfluid,284-790-8588,bowenscm@pbs.org,56
456,429-08-5577,Kimberlee,Taylo,312,3/18/1953,Female,713-149-7420,ktaylocn@google.es,90
457,549-77-7737,Dacey,Coughlan,609,11/11/1994,Female,378-477-4805,dcoughlanco@oracle.com,37
458,441-67-8737,Milty,Albin,241,6/4/1934,Polygender,134-389-2315,malbincp@hc360.com,43
459,710-93-9857,Consalve,Wickwar,751,5/20/1958,Male,102-789-9359,cwickwarcq@opera.com,60
460,508-23-2960,Katine,Snaddon,582,4/23/1958,Female,754-486-3093,ksnaddoncr@cam.ac.uk,112
461,290-62-9116,Ranique,Fryman,362,3/1/1970,Female,858-682-1169,rfrymancs@cbc.ca,132
462,116-61-1775,Sal,Curnnokk,275,10/11/1953,Female,216-236-2831,scurnnokkct@cdbaby.com,195
463,246-65-2592,Katine,Aveline,923,10/6/2003,Female,542-620-0498,kavelinecu@utexas.edu,117
464,350-69-3479,Livvy,Fidilis,121,1/15/1947,Female,241-334-5700,lfidiliscv@tinyurl.com,7
465,643-28-2010,Justin,Zanotti,794,11/22/2014,Genderqueer,971-885-6906,jzanotticw@pcworld.com,136
466,895-23-4631,Sibelle,Lanchberry,540,6/21/2008,Female,352-545-8854,slanchberrycx@irs.gov,6
467,284-22-3775,Adore,Flecknell,380,4/4/1914,Genderqueer,252-924-6771,aflecknellcy@yahoo.co.jp,73
468,108-82-9595,Lyell,Simons,561,9/8/2012,Male,921-274-8382,lsimonscz@uol.com.br,25
469,883-51-1635,Taryn,Gilbanks,869,6/18/1947,Female,766-520-4889,tgilbanksd0@infoseek.co.jp,124
470,664-14-9874,Zandra,Scruby,40,2/20/1967,Female,947-189-4646,zscrubyd1@php.net,128
471,262-08-0710,Nisse,Wrate,816,9/22/2001,Female,879-162-2432,nwrated2@networkadvertising.org,102
472,410-74-9611,Rory,McKean,112,2/25/1961,Male,128-879-1876,rmckeand3@domainmarket.com,25
473,655-21-8830,Gayla,Such,467,6/1/1973,Female,545-417-8835,gsuchd4@nasa.gov,97
474,494-06-2974,Sasha,Pennells,636,6/24/1916,Male,449-244-6718,spennellsd5@wordpress.com,199
475,480-39-2008,Archie,Pidgeon,363,3/19/1902,Male,312-838-7873,apidgeond6@flickr.com,103
476,219-92-0355,Cart,Dryden,942,10/17/2020,Male,445-675-1803,cdrydend7@istockphoto.com,109
477,771-52-0228,Nicola,Handrok,491,7/22/2019,Non-binary,333-414-5921,nhandrokd8@privacy.gov.au,117
478,673-38-2933,Glori,Burgwin,991,6/24/1943,Female,419-870-2388,gburgwind9@slate.com,98
479,324-40-0852,Obed,Dufaire,374,1/7/1900,Male,370-348-3673,odufaireda@mail.ru,173
480,380-95-2698,Sunny,Horsted,408,2/18/1965,Female,704-322-8197,shorsteddb@imdb.com,59
481,693-56-5980,Ricca,M'cowis,924,11/2/2011,Female,574-673-4280,rmcowisdc@gravatar.com,184
482,537-79-0333,Alyse,Alabaster,944,12/19/1912,Polygender,916-256-5648,aalabasterdd@purevolume.com,75
483,740-06-6725,Maryellen,Laydon,337,5/27/1937,Female,317-230-4252,mlaydonde@domainmarket.com,168
484,773-42-7343,Hewitt,Beckhouse,141,11/29/1936,Male,734-815-3151,hbeckhousedf@dailymotion.com,171
485,304-97-5510,Heinrick,Losbie,574,4/9/1949,Male,221-775-9260,hlosbiedg@webs.com,14
486,277-23-2744,Adlai,Vereker,226,6/5/1977,Male,212-962-7653,averekerdh@fda.gov,125
487,220-31-7584,Rand,Dewis,346,1/26/1955,Bigender,319-921-8497,rdewisdi@smh.com.au,154
488,416-91-8289,Heinrick,Cristofaro,659,7/17/1915,Male,998-702-0231,hcristofarodj@yale.edu,17
489,263-83-7420,Loralee,Jozwik,101,9/23/1991,Female,619-988-2773,ljozwikdk@vinaora.com,197
490,260-18-1336,Albie,Robotham,451,9/11/1968,Male,350-424-5115,arobothamdl@spiegel.de,178
491,897-58-3715,Adore,Salvage,404,7/6/1905,Female,182-381-3340,asalvagedm@redcross.org,185
492,464-05-0160,Sophronia,Stalley,282,1/26/1928,Female,191-126-4791,sstalleydn@tamu.edu,197
493,531-03-4641,Drucy,Pauer,556,5/14/1945,Genderqueer,948-753-1668,dpauerdo@zdnet.com,155
494,216-95-6039,Bond,Enderle,48,4/13/2019,Male,412-434-8168,benderledp@dailymail.co.uk,59
495,476-66-0694,Carson,Olorenshaw,87,7/20/1918,Male,865-441-6741,colorenshawdq@nifty.com,18
496,507-45-3148,Davidde,Gibbieson,626,5/5/1927,Genderfluid,762-521-0967,dgibbiesondr@tripod.com,72
497,192-33-3006,Moishe,Godon,954,5/22/1966,Genderqueer,146-654-2947,mgodonds@miitbeian.gov.cn,62
498,882-42-8726,Wilone,Vant,84,12/29/1920,Female,394-378-0432,wvantdt@ft.com,52
499,478-65-3663,Brod,Mabe,386,9/20/1924,Male,382-788-3427,bmabedu@usda.gov,200
500,527-98-8624,Delila,Rains,264,3/24/2019,Female,163-835-3826,drainsdv@4shared.com,180
