ID,First_Name,Last_Name,Sex,Department,Title,Date_Of_Birth,Phone_number,Email,Public_Key,Magic
1,Oralie,Ashburner,Female,Oncology,Surgeon,7/23/1981,202-395-1826,oashburner0@blogtalkradio.com,,
2,Ernestine,Harmston,Female,Oncology,Doctor,3/21/1973,333-758-0368,eharmston1@ed.gov,,
3,Blake,Giacovetti,Female,Oncology,Surgeon,10/24/1994,994-691-1713,bgiacovetti2@i2i.jp,,
4,Rhianon,Dunckley,Female,Oncology,Physician Assistant,4/9/1989,126-420-4709,rdunckley3@bandcamp.com,,
5,Christel,Da Costa,Female,Neurology,Physician Assistant,8/12/1979,101-184-9653,cdacosta4@google.es,,
6,Amye,Gribble,Female,Orthopedics,Surgeon,3/3/1982,162-255-8277,agribble5@ebay.co.uk,,
7,Mikkel,Gabitis,Male,Cardiology,Doctor,8/2/1986,220-735-8503,mgabitis6@macromedia.com,,
8,Russ,Rummin,Male,Pediatrics,Nurse Practitioner,1/18/1992,986-874-5954,rrummin7@sourceforge.net,,
9,Ulrikaumeko,Payn,Bigender,Orthopedics,Surgeon,3/12/1978,895-596-2026,upayn8@samsung.com,,
10,Rebecca,Berk,Female,Oncology,Surgeon,1/31/1973,213-321-0619,rberk9@arstechnica.com,,
11,Carr,Pledger,Male,Cardiology,Physician Assistant,5/12/1997,103-249-8923,cpledgera@wunderground.com,,
12,Phip,McMeekan,Male,Orthopedics,Physician Assistant,5/16/1964,695-914-6190,pmcmeekanb@typepad.com,,
13,Torrey,Whyman,Male,Cardiology,Physician Assistant,7/31/1978,501-663-7342,twhymanc@java.com,,
14,Alexander,Reedyhough,Male,Neurology,Physician Assistant,7/9/1992,350-275-0335,areedyhoughd@ehow.com,,
15,Alicia,Laycock,Female,Neurology,Nurse Practitioner,8/12/1955,200-922-3586,alaycocke@meetup.com,,
16,Caron,Brusin,Female,Oncology,Nurse Practitioner,4/29/1973,598-389-5784,cbrusinf@list-manage.com,,
17,Charlotta,McCardle,Female,Oncology,Physician Assistant,12/6/1977,589-646-1183,cmccardleg@walmart.com,,
18,Whittaker,Portingale,Male,Pediatrics,Surgeon,4/19/1968,562-240-9969,wportingaleh@51.la,,
19,Jackie,Lansdale,Male,Orthopedics,Surgeon,3/9/1998,960-638-7244,jlansdalei@ocn.ne.jp,,
20,Chancey,Lozano,Male,Pediatrics,Physician Assistant,10/3/1972,521-536-4338,clozanoj@netlog.com,,
21,Blondell,Curran,Polygender,Neurology,Doctor,4/24/1986,824-961-6457,bcurrank@sogou.com,,
22,Wright,Starcks,Male,Pediatrics,Surgeon,4/1/1951,275-640-6319,wstarcksl@archive.org,,
23,Leupold,Mold,Male,Neurology,Physician Assistant,3/4/1962,461-418-4179,lmoldm@vistaprint.com,,
24,Mil,Goodbur,Non-binary,Cardiology,Physician Assistant,8/4/1994,237-797-3533,mgoodburn@ebay.co.uk,,
25,Julius,Baszniak,Male,Cardiology,Doctor,1/23/1989,326-851-3852,jbaszniako@ucsd.edu,,
26,Doretta,Adamovsky,Female,Orthopedics,Surgeon,12/1/1995,314-695-2143,dadamovskyp@quantcast.com,,
27,Nikolai,Oppery,Male,Pediatrics,Doctor,11/15/1952,681-357-1438,nopperyq@gravatar.com,,
28,Nydia,Blasetti,Female,Pediatrics,Doctor,8/20/1991,868-514-4156,nblasettir@google.com.au,,
29,Will,Sangra,Male,Orthopedics,Doctor,9/18/1962,192-152-5754,wsangras@house.gov,,
30,Jeffrey,Day,Male,Neurology,Nurse Practitioner,10/31/1995,700-293-5690,jdayt@narod.ru,,
31,Chery,Prevost,Female,Orthopedics,Surgeon,7/22/1976,534-321-7789,cprevostu@reuters.com,,
32,Westbrooke,Witnall,Male,Oncology,Doctor,10/15/1998,974-515-6190,wwitnallv@barnesandnoble.com,,
33,Ivett,Gethyn,Female,Neurology,Nurse Practitioner,12/11/1983,944-652-7486,igethynw@uol.com.br,,
34,Justino,Melliard,Male,Orthopedics,Doctor,4/24/1995,863-411-2900,jmelliardx@unicef.org,,
35,Marlene,Domleo,Female,Neurology,Surgeon,11/27/1995,802-863-6499,mdomleoy@digg.com,,
36,Randal,Borwick,Male,Pediatrics,Doctor,4/15/1965,542-795-4564,rborwickz@themeforest.net,,
37,Norbie,Cooke,Male,Cardiology,Doctor,8/24/1964,284-996-9379,ncooke10@themeforest.net,,
38,Allene,Tate,Female,Neurology,Surgeon,10/16/1992,404-816-5453,atate11@sciencedaily.com,,
39,Elka,Barbera,Bigender,Orthopedics,Physician Assistant,12/29/1999,723-341-9711,ebarbera12@1688.com,,
40,Melvin,Madelin,Non-binary,Pediatrics,Doctor,11/2/1994,311-237-4249,mmadelin13@tiny.cc,,
41,Walliw,Inge,Female,Neurology,Surgeon,1/20/1971,876-338-8413,winge14@answers.com,,
42,Rey,Erangy,Male,Cardiology,Doctor,11/9/1987,691-909-6653,rerangy15@imgur.com,,
43,Giovanni,Bolley,Male,Pediatrics,Doctor,8/3/1998,297-836-6439,gbolley16@europa.eu,,
44,Georgianne,Rois,Female,Neurology,Surgeon,1/26/1991,668-276-5618,grois17@fc2.com,,
45,Hamlin,Rosbotham,Male,Orthopedics,Nurse Practitioner,11/29/1988,660-618-2091,hrosbotham18@state.tx.us,,
46,Ewen,d'Arcy,Male,Pediatrics,Surgeon,6/6/1961,845-467-6987,edarcy19@biblegateway.com,,
47,Susi,Caves,Female,Pediatrics,Surgeon,7/25/1957,461-982-6223,scaves1a@stumbleupon.com,,
48,Coletta,Gercken,Female,Oncology,Physician Assistant,9/14/1981,663-123-0329,cgercken1b@g.co,,
49,Marj,Heeps,Female,Cardiology,Surgeon,2/26/1956,779-628-4680,mheeps1c@yellowpages.com,,
50,Durant,Iles,Genderfluid,Cardiology,Nurse Practitioner,4/24/1957,269-370-4539,diles1d@goo.ne.jp,,
51,Abram,Jerome,Male,Orthopedics,Nurse Practitioner,7/18/1997,163-719-8320,ajerome1e@ameblo.jp,,
52,Cordy,Hasney,Male,Orthopedics,Doctor,10/26/1970,117-502-0769,chasney1f@nytimes.com,,
53,Renee,Essery,Female,Pediatrics,Physician Assistant,7/30/1980,191-203-1787,ressery1g@icq.com,,
54,Elden,Spafford,Male,Cardiology,Doctor,11/7/1969,808-758-6320,espafford1h@tmall.com,,
55,Celisse,McEwen,Agender,Oncology,Doctor,12/17/1978,790-822-6971,cmcewen1i@blogspot.com,,
56,Nettie,Battell,Female,Orthopedics,Surgeon,12/19/1979,673-205-3311,nbattell1j@theguardian.com,,
57,Nicolai,Holbie,Male,Neurology,Doctor,11/1/1954,994-205-4001,nholbie1k@blogs.com,,
58,Shelly,D'Alessio,Female,Neurology,Nurse Practitioner,8/7/1989,679-655-9553,sdalessio1l@theglobeandmail.com,,
59,Gwyneth,Whyler,Female,Orthopedics,Doctor,12/19/1972,669-370-2655,gwhyler1m@xing.com,,
60,Fiona,Fossey,Female,Cardiology,Nurse Practitioner,3/6/1974,841-133-9117,ffossey1n@zdnet.com,,
61,Eugenius,Medler,Male,Oncology,Physician Assistant,10/3/1990,846-564-9824,emedler1o@alibaba.com,,
62,Ida,Downing,Female,Oncology,Nurse Practitioner,10/5/1959,917-861-6176,idowning1p@google.de,,
63,Blondie,Pharoah,Genderfluid,Pediatrics,Surgeon,10/12/1961,708-590-7285,bpharoah1q@squarespace.com,,
64,Daniele,Smalls,Female,Cardiology,Surgeon,1/9/1970,670-514-1023,dsmalls1r@digg.com,,
65,Kimbra,Charlotte,Female,Cardiology,Doctor,9/3/1996,967-298-8025,kcharlotte1s@springer.com,,
66,Morgen,Boyn,Female,Oncology,Surgeon,12/28/1972,910-485-9422,mboyn1t@usgs.gov,,
67,Katya,Wille,Female,Oncology,Physician Assistant,8/13/1999,531-416-3408,kwille1u@de.vu,,
68,Pamelina,Lestor,Female,Orthopedics,Physician Assistant,9/15/1985,496-174-6690,plestor1v@dedecms.com,,
69,Ernesta,Sproat,Female,Orthopedics,Nurse Practitioner,1/4/1964,280-263-1929,esproat1w@europa.eu,,
70,Ignaz,MacNeilley,Bigender,Orthopedics,Doctor,3/5/1974,104-175-5476,imacneilley1x@nyu.edu,,
71,Janene,MacDwyer,Female,Orthopedics,Nurse Practitioner,1/6/1984,354-845-8387,jmacdwyer1y@timesonline.co.uk,,
72,Samuel,Bentson,Male,Pediatrics,Doctor,1/26/1995,245-844-0600,sbentson1z@g.co,,
73,Zaria,Paulino,Female,Orthopedics,Doctor,2/3/1960,742-898-2093,zpaulino20@smugmug.com,,
74,Casie,D'Costa,Female,Pediatrics,Physician Assistant,12/2/1959,471-798-0247,cdcosta21@admin.ch,,
75,Ellary,Alvaro,Male,Oncology,Surgeon,3/1/1965,692-232-2383,ealvaro22@macromedia.com,,
76,Ginelle,Brandoni,Female,Neurology,Physician Assistant,3/13/1977,592-617-0654,gbrandoni23@simplemachines.org,,
77,Godfree,Antcliffe,Male,Oncology,Doctor,5/17/1973,956-818-1440,gantcliffe24@sciencedirect.com,,
78,Ciro,Hughman,Male,Neurology,Nurse Practitioner,12/13/1998,835-246-0083,chughman25@wix.com,,
79,Tobit,Galbraith,Male,Cardiology,Surgeon,8/27/1956,427-252-0883,tgalbraith26@yolasite.com,,
80,Kati,Hassewell,Female,Cardiology,Physician Assistant,3/18/1966,741-935-3297,khassewell27@ibm.com,,
81,Francklin,Le Noire,Male,Oncology,Surgeon,9/3/1954,589-928-1852,flenoire28@imageshack.us,,
82,Michale,Case,Male,Orthopedics,Nurse Practitioner,4/28/1984,541-243-2967,mcase29@twitter.com,,
83,Margot,McCarl,Female,Cardiology,Nurse Practitioner,5/2/1978,803-162-3648,mmccarl2a@netvibes.com,,
84,Peadar,Tullett,Male,Neurology,Nurse Practitioner,4/16/1997,741-848-9852,ptullett2b@cyberchimps.com,,
85,Xenos,Wasielewski,Bigender,Cardiology,Surgeon,4/29/1969,891-517-0428,xwasielewski2c@thetimes.co.uk,,
86,Minne,Wort,Non-binary,Pediatrics,Surgeon,5/23/1951,821-913-8787,mwort2d@spiegel.de,,
87,Oates,MacCosto,Male,Oncology,Physician Assistant,2/8/1974,245-167-1195,omaccosto2e@cornell.edu,,
88,Brod,Frere,Male,Orthopedics,Nurse Practitioner,7/10/1954,814-763-3730,bfrere2f@pcworld.com,,
89,Wyn,Linch,Male,Cardiology,Physician Assistant,4/12/1956,189-194-3359,wlinch2g@un.org,,
90,Wrennie,Dinse,Bigender,Oncology,Physician Assistant,8/19/1964,300-759-6484,wdinse2h@paypal.com,,
91,Jock,Glanvill,Male,Pediatrics,Nurse Practitioner,8/19/1983,668-731-1307,jglanvill2i@army.mil,,
92,Oralla,Clemente,Female,Cardiology,Surgeon,6/19/1977,913-541-2765,oclemente2j@woothemes.com,,
93,Paulie,Pennazzi,Male,Orthopedics,Physician Assistant,12/19/1999,264-800-0939,ppennazzi2k@time.com,,
94,Durand,Jermy,Male,Oncology,Doctor,4/30/1968,890-975-0869,djermy2l@deviantart.com,,
95,Lazare,Boomes,Male,Cardiology,Physician Assistant,6/22/1981,734-624-2115,lboomes2m@purevolume.com,,
96,Claiborne,Fontes,Male,Neurology,Nurse Practitioner,1/16/1999,582-168-4782,cfontes2n@wisc.edu,,
97,Orsa,Korda,Female,Cardiology,Physician Assistant,4/28/1992,645-823-2868,okorda2o@hao123.com,,
98,Marge,Andrewartha,Female,Neurology,Nurse Practitioner,11/14/1981,506-469-3095,mandrewartha2p@squidoo.com,,
99,Blithe,Rubinowitz,Female,Cardiology,Surgeon,7/28/1954,251-588-7059,brubinowitz2q@chron.com,,
100,Oby,Bazoge,Male,Orthopedics,Physician Assistant,10/4/1989,651-834-5014,obazoge2r@bing.com,,
101,Vivienne,Schreurs,Polygender,Cardiology,Surgeon,2/8/1989,844-209-4481,vschreurs2s@shutterfly.com,,
102,Donica,Selliman,Bigender,Cardiology,Surgeon,6/26/1978,739-940-1971,dselliman2t@creativecommons.org,,
103,Gavra,McCoid,Female,Orthopedics,Surgeon,1/30/1956,107-869-2635,gmccoid2u@slashdot.org,,
104,Sabine,Winston,Female,Oncology,Surgeon,2/11/1982,157-759-2425,swinston2v@joomla.org,,
105,Marya,Varlow,Female,Neurology,Physician Assistant,9/16/1984,402-637-9787,mvarlow2w@discuz.net,,
106,Cristian,Conquest,Male,Neurology,Surgeon,8/13/1971,280-566-4198,cconquest2x@cargocollective.com,,
107,Micki,Patron,Female,Pediatrics,Nurse Practitioner,11/21/1998,793-841-2845,mpatron2y@nba.com,,
108,Helga,Whiston,Female,Neurology,Physician Assistant,6/21/1960,229-313-2161,hwhiston2z@mac.com,,
109,Dalston,Hollidge,Male,Orthopedics,Physician Assistant,7/26/1971,847-342-6241,dhollidge30@house.gov,,
110,Mile,Scotfurth,Male,Cardiology,Doctor,8/23/1955,810-755-1539,mscotfurth31@admin.ch,,
111,Florian,Cavie,Male,Neurology,Surgeon,9/1/1973,725-536-8109,fcavie32@live.com,,
112,Goran,Paty,Male,Oncology,Surgeon,8/14/1958,587-796-3879,gpaty33@t.co,,
113,Genia,McGaughie,Female,Neurology,Doctor,12/7/1993,392-440-8863,gmcgaughie34@wikipedia.org,,
114,Gilbertina,Heffer,Female,Neurology,Nurse Practitioner,3/6/1980,914-460-4677,gheffer35@cnn.com,,
115,Gilemette,Sollon,Female,Cardiology,Surgeon,5/11/1962,125-346-3719,gsollon36@statcounter.com,,
116,Albertina,Runnacles,Female,Pediatrics,Surgeon,1/7/1975,670-965-1624,arunnacles37@accuweather.com,,
117,Rolando,Addyman,Male,Oncology,Physician Assistant,9/12/1974,592-439-1749,raddyman38@go.com,,
118,Cordell,Beekman,Male,Cardiology,Surgeon,5/20/1981,418-569-3498,cbeekman39@diigo.com,,
119,Kalindi,Pidgeley,Agender,Neurology,Nurse Practitioner,8/14/1967,115-444-0778,kpidgeley3a@yandex.ru,,
120,Ray,Jime,Female,Cardiology,Physician Assistant,4/14/1987,825-442-6402,rjime3b@shinystat.com,,
121,Keslie,Vevers,Female,Cardiology,Physician Assistant,1/11/1956,298-627-3740,kvevers3c@bravesites.com,,
122,Kendell,Garroch,Male,Cardiology,Surgeon,8/21/1993,233-801-0125,kgarroch3d@geocities.jp,,
123,Renelle,Punshon,Female,Oncology,Doctor,3/14/1998,863-524-0987,rpunshon3e@blogs.com,,
124,Jamima,Shuker,Female,Orthopedics,Nurse Practitioner,4/30/1954,617-890-6396,jshuker3f@reference.com,,
125,Bernie,Cottage,Male,Cardiology,Doctor,9/15/1967,810-739-7900,bcottage3g@mozilla.org,,
126,Werner,Jarrold,Non-binary,Orthopedics,Physician Assistant,7/25/1968,235-831-3787,wjarrold3h@youtu.be,,
127,Nanette,Robelin,Female,Cardiology,Doctor,8/10/1981,318-487-3614,nrobelin3i@acquirethisname.com,,
128,Nealon,Ausher,Male,Oncology,Surgeon,1/22/1970,800-969-3801,nausher3j@privacy.gov.au,,
129,Janetta,Gouinlock,Female,Oncology,Surgeon,8/21/1960,996-988-6059,jgouinlock3k@shop-pro.jp,,
130,Robenia,Ponte,Female,Neurology,Nurse Practitioner,7/28/1969,819-242-1908,rponte3l@umich.edu,,
131,Shea,Lilbourne,Male,Oncology,Physician Assistant,5/18/1953,638-618-4934,slilbourne3m@csmonitor.com,,
132,Maxy,Youles,Female,Orthopedics,Nurse Practitioner,9/7/1992,821-778-6904,myoules3n@soundcloud.com,,
133,Andreana,Cutts,Bigender,Orthopedics,Doctor,7/2/1999,454-168-2137,acutts3o@amazon.co.uk,,
134,Brynn,Sawrey,Female,Cardiology,Physician Assistant,2/15/1967,678-324-0716,bsawrey3p@nyu.edu,,
135,Corrianne,Matula,Female,Orthopedics,Physician Assistant,6/7/1974,353-335-3487,cmatula3q@biglobe.ne.jp,,
136,Hazlett,Emlen,Male,Oncology,Doctor,7/10/1978,624-241-5960,hemlen3r@newyorker.com,,
137,Adela,Llewelyn,Female,Cardiology,Doctor,11/3/1951,834-195-1857,allewelyn3s@intel.com,,
138,Kaitlynn,Swigg,Female,Pediatrics,Nurse Practitioner,2/11/1959,174-334-7079,kswigg3t@slate.com,,
139,Stephen,Vannuchi,Male,Pediatrics,Physician Assistant,7/8/1992,827-474-7366,svannuchi3u@google.es,,
140,Trev,Carillo,Male,Pediatrics,Nurse Practitioner,11/5/1964,702-573-4486,tcarillo3v@drupal.org,,
141,Felix,Leonida,Male,Oncology,Doctor,7/18/1963,122-446-1015,fleonida3w@topsy.com,,
142,Ric,Rizzi,Male,Orthopedics,Doctor,9/23/1987,642-300-5074,rrizzi3x@dot.gov,,
143,Joyce,Cossar,Female,Orthopedics,Surgeon,2/18/1955,938-845-7321,jcossar3y@nature.com,,
144,Silvana,Loney,Female,Oncology,Doctor,7/20/1960,169-157-4392,sloney3z@prnewswire.com,,
145,Garth,Coneybeer,Male,Cardiology,Nurse Practitioner,5/18/1971,949-897-0394,gconeybeer40@mediafire.com,,
146,Spence,Hebborne,Male,Cardiology,Surgeon,10/30/1972,447-265-1428,shebborne41@squidoo.com,,
147,Gwendolen,Ducker,Female,Oncology,Doctor,3/8/1957,894-338-4594,gducker42@technorati.com,,
148,Beth,Pinch,Female,Oncology,Doctor,5/1/1950,696-441-2277,bpinch43@answers.com,,
149,Iormina,Trenam,Female,Cardiology,Doctor,4/27/1976,818-602-6413,itrenam44@google.co.uk,,
150,Siana,Velti,Female,Orthopedics,Nurse Practitioner,10/21/1952,303-627-7917,svelti45@wordpress.org,,
151,Robinet,Niemetz,Male,Cardiology,Doctor,2/14/1963,309-894-3907,rniemetz46@is.gd,,
152,Haywood,Hildred,Genderqueer,Pediatrics,Doctor,6/11/1970,955-921-8280,hhildred47@ebay.com,,
153,Kirby,Esson,Male,Pediatrics,Doctor,7/11/1979,213-551-1450,kesson48@nbcnews.com,,
154,Dukey,Twopenny,Male,Orthopedics,Doctor,7/30/1952,828-879-9116,dtwopenny49@shinystat.com,,
155,Yale,Neachell,Male,Cardiology,Doctor,7/3/1978,126-953-8243,yneachell4a@google.com.br,,
156,Nick,Pavett,Male,Cardiology,Physician Assistant,9/10/1960,775-324-7158,npavett4b@merriam-webster.com,,
157,Gothart,Sheahan,Male,Pediatrics,Doctor,7/14/1951,766-245-4148,gsheahan4c@si.edu,,
158,Alexis,Hounsham,Male,Neurology,Doctor,12/12/1952,905-141-0235,ahounsham4d@ucla.edu,,
159,Jacquelyn,Raccio,Agender,Orthopedics,Physician Assistant,9/28/1988,324-255-4189,jraccio4e@cbsnews.com,,
160,Tracey,Wands,Male,Orthopedics,Physician Assistant,12/5/1957,491-925-4080,twands4f@freewebs.com,,
161,Emera,Muddiman,Female,Cardiology,Surgeon,8/2/1974,564-195-8738,emuddiman4g@theatlantic.com,,
162,Bunnie,McDaid,Female,Pediatrics,Nurse Practitioner,3/25/1959,213-480-4092,bmcdaid4h@cornell.edu,,
163,Zaneta,Downton,Female,Orthopedics,Doctor,8/17/1961,690-597-2168,zdownton4i@123-reg.co.uk,,
164,Clay,Jorn,Male,Oncology,Surgeon,7/27/1964,898-159-2125,cjorn4j@wufoo.com,,
165,Tamara,Sahnow,Female,Oncology,Nurse Practitioner,3/26/1986,874-226-5074,tsahnow4k@spiegel.de,,
166,Skipton,Mallabone,Male,Orthopedics,Nurse Practitioner,7/20/1971,161-247-8211,smallabone4l@tmall.com,,
167,Thornton,Aldcorne,Male,Orthopedics,Surgeon,3/10/1955,974-401-9176,taldcorne4m@latimes.com,,
168,Brook,Danelutti,Female,Pediatrics,Physician Assistant,10/26/1959,359-206-9653,bdanelutti4n@printfriendly.com,,
169,Deerdre,Storm,Female,Orthopedics,Physician Assistant,7/7/1987,532-395-1016,dstorm4o@vkontakte.ru,,
170,Noellyn,Skedgell,Female,Oncology,Surgeon,7/5/1992,142-958-3485,nskedgell4p@umich.edu,,
171,Trever,Lyte,Male,Oncology,Physician Assistant,2/16/1966,864-323-5550,tlyte4q@nyu.edu,,
172,Sula,Jeanneau,Female,Orthopedics,Doctor,7/5/1987,554-437-5871,sjeanneau4r@mtv.com,,
173,Isiahi,Hackney,Male,Orthopedics,Physician Assistant,12/27/1950,792-142-2639,ihackney4s@forbes.com,,
174,Annette,Arling,Female,Oncology,Physician Assistant,1/12/1989,187-576-8295,aarling4t@chicagotribune.com,,
175,Elijah,Paule,Male,Pediatrics,Doctor,11/7/1954,382-548-6278,epaule4u@edublogs.org,,
176,Adolpho,Bardill,Male,Neurology,Surgeon,6/15/1959,236-480-4790,abardill4v@github.com,,
177,Beryle,Fairbanks,Female,Oncology,Surgeon,8/21/1995,977-371-1010,bfairbanks4w@naver.com,,
178,Ronny,Horsey,Male,Neurology,Doctor,11/27/1959,717-652-5831,rhorsey4x@clickbank.net,,
179,Zora,McParland,Female,Orthopedics,Doctor,6/4/1955,588-649-0433,zmcparland4y@aboutads.info,,
180,Flory,Woollam,Male,Cardiology,Physician Assistant,3/13/1988,157-910-1194,fwoollam4z@slideshare.net,,
181,Janela,Enrique,Female,Cardiology,Physician Assistant,12/8/1983,789-738-4381,jenrique50@wiley.com,,
182,Marge,Brownfield,Female,Oncology,Doctor,3/28/1973,774-650-0034,mbrownfield51@cnbc.com,,
183,Minda,Pitman,Female,Orthopedics,Physician Assistant,9/13/1983,212-313-0454,mpitman52@chicagotribune.com,,
184,Maxwell,Fenny,Male,Neurology,Doctor,9/16/1982,190-983-6465,mfenny53@netvibes.com,,
185,Elayne,Mandal,Female,Pediatrics,Nurse Practitioner,7/14/1960,137-358-8818,emandal54@rakuten.co.jp,,
186,Neddy,Caccavella,Male,Orthopedics,Doctor,6/16/1982,115-779-8672,ncaccavella55@com.com,,
187,Reiko,Gildea,Agender,Orthopedics,Nurse Practitioner,4/26/1969,415-626-9063,rgildea56@redcross.org,,
188,Cari,Motton,Female,Oncology,Physician Assistant,5/6/1993,301-128-6711,cmotton57@opera.com,,
189,Brear,Putland,Female,Cardiology,Physician Assistant,7/26/1991,401-429-6945,bputland58@nymag.com,,
190,Allsun,Fripps,Female,Pediatrics,Surgeon,11/17/1969,611-429-7230,afripps59@quantcast.com,,
191,Reube,Saffill,Male,Pediatrics,Surgeon,11/27/1956,689-979-5393,rsaffill5a@bing.com,,
192,Cesar,Reignould,Male,Oncology,Physician Assistant,4/16/1992,159-814-7544,creignould5b@technorati.com,,
193,Bowie,Gimert,Male,Pediatrics,Physician Assistant,3/21/1972,638-261-6446,bgimert5c@wikimedia.org,,
194,Conn,Foulks,Male,Orthopedics,Doctor,5/17/1992,105-982-4681,cfoulks5d@webnode.com,,
195,Gardiner,Fenich,Male,Orthopedics,Nurse Practitioner,10/7/1986,910-545-5813,gfenich5e@creativecommons.org,,
196,Kaila,Sabbin,Female,Neurology,Physician Assistant,11/30/1974,204-205-4217,ksabbin5f@hatena.ne.jp,,
197,Bryn,Narramor,Female,Neurology,Surgeon,8/30/1966,715-536-1112,bnarramor5g@google.it,,
198,Lulu,Hughill,Female,Neurology,Doctor,6/28/1986,999-536-1250,lhughill5h@multiply.com,,
199,Levin,Girvan,Male,Neurology,Nurse Practitioner,4/9/1988,433-638-5592,lgirvan5i@usda.gov,,
200,Milty,Harberer,Male,Orthopedics,Surgeon,8/12/1951,362-420-9962,mharberer5j@sakura.ne.jp,,
201,Ellwood,Collen,Male,Pediatrics,Surgeon,7/16/1987,405-823-8823,ecollen5k@zdnet.com,,
202,Clementia,Varnham,Genderfluid,Orthopedics,Nurse Practitioner,3/20/1981,118-786-2894,cvarnham5l@sciencedaily.com,,
203,Ferdinand,Albisser,Male,Neurology,Physician Assistant,6/23/1994,835-432-7809,falbisser5m@netlog.com,,
204,Karlene,Mordon,Female,Orthopedics,Surgeon,5/4/1988,479-822-0596,kmordon5n@princeton.edu,,
205,Martelle,Bruntje,Female,Oncology,Surgeon,8/3/1984,620-972-5689,mbruntje5o@goo.gl,,
206,Adler,Kilgour,Male,Pediatrics,Surgeon,11/7/1978,581-784-4488,akilgour5p@opera.com,,
207,Angelita,Pawels,Female,Oncology,Nurse Practitioner,6/25/1963,318-618-2916,apawels5q@friendfeed.com,,
208,Aldrich,Parrish,Male,Neurology,Surgeon,1/1/1975,425-939-8516,aparrish5r@oaic.gov.au,,
209,Burr,Foden,Male,Oncology,Doctor,11/1/1982,572-193-3007,bfoden5s@goo.ne.jp,,
210,Karine,Teodoro,Female,Neurology,Surgeon,1/7/1966,248-838-7262,kteodoro5t@dropbox.com,,
211,Mildred,Magill,Female,Orthopedics,Doctor,10/15/1974,418-376-0415,mmagill5u@homestead.com,,
212,Woodman,Reston,Male,Pediatrics,Doctor,7/21/1958,395-224-7432,wreston5v@irs.gov,,
213,Aldric,Hambrook,Male,Orthopedics,Surgeon,3/18/1996,750-730-3405,ahambrook5w@nih.gov,,
214,Wash,Bagnall,Male,Pediatrics,Doctor,7/27/1984,437-531-2960,wbagnall5x@unc.edu,,
215,Cedric,Grooby,Male,Neurology,Doctor,5/1/1962,139-200-0544,cgrooby5y@census.gov,,
216,Whittaker,Kenewell,Male,Cardiology,Doctor,7/29/1965,552-880-6970,wkenewell5z@cnet.com,,
217,Bancroft,Hedney,Male,Neurology,Doctor,5/14/1998,171-618-0714,bhedney60@ycombinator.com,,
218,Hildy,Mazin,Female,Orthopedics,Surgeon,6/15/1969,387-298-2689,hmazin61@acquirethisname.com,,
219,Roarke,Antic,Male,Neurology,Doctor,7/22/1989,639-407-4116,rantic62@goo.ne.jp,,
220,Pascale,Bwye,Male,Oncology,Physician Assistant,9/11/1970,712-209-6855,pbwye63@gizmodo.com,,
221,Cirillo,Passey,Male,Pediatrics,Physician Assistant,5/26/1963,273-223-0163,cpassey64@example.com,,
222,Dorian,Heaslip,Female,Oncology,Doctor,6/11/1999,611-921-4942,dheaslip65@typepad.com,,
223,Elene,Golby,Female,Orthopedics,Surgeon,10/10/1978,114-169-8552,egolby66@123-reg.co.uk,,
224,Ada,Fried,Female,Orthopedics,Doctor,11/18/1974,933-876-5640,afried67@psu.edu,,
225,Caressa,Rowell,Female,Oncology,Surgeon,8/25/1971,724-910-3805,crowell68@slate.com,,
226,Vito,Soulsby,Male,Pediatrics,Surgeon,10/2/1961,192-809-9416,vsoulsby69@sphinn.com,,
227,Tomaso,Hesbrook,Genderqueer,Orthopedics,Surgeon,12/21/1979,625-934-1534,thesbrook6a@oakley.com,,
228,Michale,Alabaster,Male,Oncology,Doctor,7/7/1961,907-948-6723,malabaster6b@i2i.jp,,
229,Rafi,Fulun,Male,Oncology,Surgeon,5/21/1985,776-773-5304,rfulun6c@biblegateway.com,,
230,Kinsley,Corben,Male,Oncology,Physician Assistant,11/7/1966,539-893-7106,kcorben6d@cnet.com,,
231,Papagena,McGillacoell,Female,Orthopedics,Doctor,12/6/1978,681-122-8909,pmcgillacoell6e@cdc.gov,,
232,Ferrel,Putman,Male,Oncology,Doctor,4/1/1966,732-689-8150,fputman6f@blinklist.com,,
233,Dwain,Vasyukov,Male,Cardiology,Doctor,1/31/1956,540-465-9133,dvasyukov6g@delicious.com,,
234,Christean,Wicken,Female,Neurology,Nurse Practitioner,2/28/1979,535-222-0163,cwicken6h@forbes.com,,
235,Mordy,Stelfax,Genderqueer,Pediatrics,Nurse Practitioner,6/6/1962,494-468-7223,mstelfax6i@jalbum.net,,
236,Carson,Driscoll,Male,Neurology,Surgeon,4/16/1986,420-673-3664,cdriscoll6j@xrea.com,,
237,Lynn,Celle,Non-binary,Cardiology,Physician Assistant,7/29/1974,688-103-2343,lcelle6k@cnn.com,,
238,Chas,Doman,Male,Cardiology,Nurse Practitioner,4/16/1987,974-652-5023,cdoman6l@eventbrite.com,,
239,Jethro,Kiloh,Male,Orthopedics,Surgeon,11/30/1958,407-623-4754,jkiloh6m@cam.ac.uk,,
240,Rivkah,Lanaway,Female,Orthopedics,Nurse Practitioner,12/29/1998,134-431-7849,rlanaway6n@discovery.com,,
241,Mead,Domoni,Male,Pediatrics,Doctor,11/19/1968,694-692-4241,mdomoni6o@clickbank.net,,
242,Hazel,Whelband,Female,Pediatrics,Physician Assistant,5/27/1986,580-973-4952,hwhelband6p@vinaora.com,,
243,Zacharias,Carnilian,Male,Pediatrics,Doctor,9/20/1999,495-633-7921,zcarnilian6q@etsy.com,,
244,Annemarie,Collings,Female,Neurology,Nurse Practitioner,9/21/1969,838-510-8074,acollings6r@arizona.edu,,
245,Towny,Tewelson,Male,Pediatrics,Physician Assistant,7/9/1973,643-354-7361,ttewelson6s@accuweather.com,,
246,Shermy,McArte,Male,Pediatrics,Doctor,10/2/1987,619-552-2467,smcarte6t@yolasite.com,,
247,Margaux,Romeril,Female,Neurology,Surgeon,1/28/1966,268-285-6552,mromeril6u@weather.com,,
248,Aguistin,Varren,Male,Oncology,Nurse Practitioner,11/15/1999,997-732-0086,avarren6v@zimbio.com,,
249,Pen,Statter,Male,Orthopedics,Surgeon,5/21/1978,834-209-1344,pstatter6w@arizona.edu,,
250,Sharia,Myhill,Female,Oncology,Physician Assistant,6/29/1959,811-201-6320,smyhill6x@jimdo.com,,
251,Frannie,Collens,Male,Cardiology,Nurse Practitioner,2/12/1980,358-950-7503,fcollens6y@ibm.com,,
252,Granny,Layson,Male,Orthopedics,Nurse Practitioner,10/3/1975,829-191-8310,glayson6z@free.fr,,
253,Karlens,Tarling,Male,Neurology,Physician Assistant,4/24/1977,325-768-8465,ktarling70@amazon.de,,
254,Hayyim,Gonneau,Male,Cardiology,Surgeon,8/13/1955,472-664-9597,hgonneau71@devhub.com,,
255,Hagen,Tallquist,Male,Pediatrics,Surgeon,10/3/1999,411-838-5123,htallquist72@de.vu,,
256,Myca,Kahen,Male,Neurology,Surgeon,7/20/1998,252-318-8386,mkahen73@infoseek.co.jp,,
257,Jolyn,Brideaux,Female,Pediatrics,Nurse Practitioner,3/31/1988,721-561-8149,jbrideaux74@posterous.com,,
258,Ugo,Butterick,Male,Oncology,Nurse Practitioner,9/9/1976,958-169-8199,ubutterick75@unicef.org,,
259,Tera,Ivens,Female,Orthopedics,Surgeon,5/28/1953,426-228-0117,tivens76@comcast.net,,
260,Dominic,Faier,Male,Cardiology,Surgeon,9/1/1993,166-828-0816,dfaier77@yandex.ru,,
261,Jeffie,Olijve,Male,Cardiology,Doctor,1/21/1973,497-864-4227,jolijve78@nasa.gov,,
262,Ysabel,Caistor,Female,Oncology,Surgeon,4/7/1965,696-185-2646,ycaistor79@dropbox.com,,
263,Eugenio,Hurtado,Male,Pediatrics,Doctor,2/23/1967,891-204-5774,ehurtado7a@pen.io,,
264,Paula,Ritchings,Female,Oncology,Doctor,6/20/1987,875-920-7940,pritchings7b@marketwatch.com,,
265,Durward,Manville,Male,Pediatrics,Doctor,7/24/1997,157-435-8111,dmanville7c@cnet.com,,
266,Alaster,Duchart,Male,Orthopedics,Physician Assistant,1/16/1985,723-735-4762,aduchart7d@booking.com,,
267,Andeee,Grancher,Female,Oncology,Surgeon,12/21/1997,589-192-4998,agrancher7e@icio.us,,
268,Britni,Brunstan,Female,Orthopedics,Nurse Practitioner,4/20/1995,131-658-4221,bbrunstan7f@dyndns.org,,
269,Shandeigh,Digweed,Female,Oncology,Doctor,5/20/1961,294-808-5397,sdigweed7g@weebly.com,,
270,Gwendolin,Spaduzza,Female,Neurology,Nurse Practitioner,2/25/1980,670-159-8266,gspaduzza7h@wisc.edu,,
271,Nettie,Kauschke,Female,Cardiology,Physician Assistant,2/25/1995,779-868-1872,nkauschke7i@4shared.com,,
272,Corry,Deeman,Female,Oncology,Doctor,4/8/1956,811-414-8591,cdeeman7j@amazonaws.com,,
273,Letti,Allott,Female,Oncology,Physician Assistant,7/3/1993,969-378-8150,lallott7k@amazonaws.com,,
274,Del,Dumphry,Female,Neurology,Doctor,6/16/1998,783-989-5481,ddumphry7l@si.edu,,
275,Nevile,Sidney,Male,Pediatrics,Surgeon,2/4/1954,216-419-4956,nsidney7m@reddit.com,,
276,Titus,Ickovits,Male,Pediatrics,Physician Assistant,11/6/1981,615-713-3209,tickovits7n@parallels.com,,
277,Benoit,Songest,Male,Cardiology,Doctor,4/27/1984,133-353-5766,bsongest7o@histats.com,,
278,Darcy,Alabastar,Male,Cardiology,Nurse Practitioner,10/1/1962,948-763-7149,dalabastar7p@mediafire.com,,
279,Hamilton,Dennis,Male,Pediatrics,Surgeon,10/12/1982,410-753-9835,hdennis7q@utexas.edu,,
280,Andras,Cackett,Male,Oncology,Surgeon,11/4/1987,798-233-2162,acackett7r@google.co.uk,,
281,Wenona,Ummfrey,Genderqueer,Neurology,Doctor,7/14/1989,601-661-4046,wummfrey7s@delicious.com,,
282,Karoly,Sweedland,Male,Orthopedics,Nurse Practitioner,6/17/1984,306-123-8152,ksweedland7t@forbes.com,,
283,Roda,Solley,Female,Orthopedics,Doctor,10/8/1957,197-571-7861,rsolley7u@livejournal.com,,
284,Davie,McFaul,Male,Orthopedics,Doctor,3/13/1977,373-594-4125,dmcfaul7v@flavors.me,,
285,Carlos,Eyden,Male,Pediatrics,Physician Assistant,12/18/1953,982-208-2983,ceyden7w@nature.com,,
286,Ally,Bickerdike,Female,Pediatrics,Nurse Practitioner,12/10/1958,451-632-3499,abickerdike7x@istockphoto.com,,
287,Sascha,Till,Male,Oncology,Nurse Practitioner,5/25/1983,432-351-4755,still7y@goodreads.com,,
288,Nat,Dimelow,Male,Neurology,Physician Assistant,9/15/1968,253-222-8215,ndimelow7z@so-net.ne.jp,,
289,Rozamond,Ducker,Female,Cardiology,Nurse Practitioner,7/23/1984,951-106-5535,rducker80@weebly.com,,
290,Etan,Struss,Male,Pediatrics,Surgeon,2/5/1968,852-484-2823,estruss81@house.gov,,
291,Gaby,Crossgrove,Male,Pediatrics,Surgeon,9/16/1989,565-868-3836,gcrossgrove82@discuz.net,,
292,Carleton,Petrillo,Male,Neurology,Doctor,3/9/1950,978-435-4080,cpetrillo83@pen.io,,
293,Mirabel,Gendrich,Female,Orthopedics,Physician Assistant,4/13/1970,309-384-4883,mgendrich84@ebay.co.uk,,
294,Lindy,Mouse,Female,Neurology,Surgeon,6/26/1955,440-592-7839,lmouse85@discovery.com,,
295,Aymer,Liggons,Male,Neurology,Physician Assistant,8/12/1963,230-599-4108,aliggons86@ehow.com,,
296,Neron,Floweth,Male,Pediatrics,Physician Assistant,8/30/1953,600-182-7245,nfloweth87@jiathis.com,,
297,Claudelle,Kincaid,Female,Pediatrics,Doctor,3/1/1992,249-634-8567,ckincaid88@arstechnica.com,,
298,Misty,Bullen,Agender,Orthopedics,Doctor,4/29/1990,577-563-6165,mbullen89@freewebs.com,,
299,Keefer,Bruckner,Male,Neurology,Nurse Practitioner,7/20/1989,804-258-8605,kbruckner8a@tumblr.com,,
300,Carney,Lotwich,Male,Cardiology,Doctor,11/9/1986,606-425-1945,clotwich8b@bigcartel.com,,
